# PythonMountains : 50x50, semente g.d.m.
v -24.5 2.515381 -24.5
v -24.5 2.618668 -23.5
v -24.5 3.559116 -22.5
v -24.5 3.965819 -21.5
v -24.5 4.885778 -20.5
v -24.5 5.016460 -19.5
v -24.5 5.215316 -18.5
v -24.5 4.689730 -17.5
v -24.5 4.100872 -16.5
v -24.5 3.373306 -15.5
v -24.5 3.284276 -14.5
v -24.5 3.394821 -13.5
v -24.5 4.033464 -12.5
v -24.5 4.666197 -11.5
v -24.5 5.281737 -10.5
v -24.5 6.063060 -9.5
v -24.5 6.476344 -8.5
v -24.5 6.829053 -7.5
v -24.5 6.715198 -6.5
v -24.5 6.019336 -5.5
v -24.5 5.477184 -4.5
v -24.5 4.470456 -3.5
v -24.5 4.370782 -2.5
v -24.5 4.029323 -1.5
v -24.5 4.273559 -0.5
v -24.5 3.996616 0.5
v -24.5 4.083284 1.5
v -24.5 3.523968 2.5
v -24.5 3.840036 3.5
v -24.5 3.305213 4.5
v -24.5 4.159522 5.5
v -24.5 3.926016 6.5
v -24.5 4.907887 7.5
v -24.5 4.901461 8.5
v -24.5 5.116485 9.5
v -24.5 5.237542 10.5
v -24.5 4.639358 11.5
v -24.5 5.158070 12.5
v -24.5 4.426549 13.5
v -24.5 4.894895 14.5
v -24.5 4.062066 15.5
v -24.5 3.849384 16.5
v -24.5 3.185153 17.5
v -24.5 2.768267 18.5
v -24.5 2.753835 19.5
v -24.5 2.595555 20.5
v -24.5 3.352599 21.5
v -24.5 3.468018 22.5
v -24.5 4.283900 23.5
v -24.5 4.053208 24.5
v -23.5 2.638095 -24.5
v -23.5 2.725208 -23.5
v -23.5 3.472964 -22.5
v -23.5 3.952734 -21.5
v -23.5 4.725063 -20.5
v -23.5 4.931491 -19.5
v -23.5 5.081598 -18.5
v -23.5 4.562687 -17.5
v -23.5 4.004905 -16.5
v -23.5 3.340194 -15.5
v -23.5 3.297026 -14.5
v -23.5 3.583637 -13.5
v -23.5 4.234043 -12.5
v -23.5 4.923852 -11.5
v -23.5 5.439152 -10.5
v -23.5 6.098463 -9.5
v -23.5 6.443366 -8.5
v -23.5 6.754978 -7.5
v -23.5 6.621703 -6.5
v -23.5 6.022485 -5.5
v -23.5 5.394457 -4.5
v -23.5 4.483827 -3.5
v -23.5 4.264123 -2.5
v -23.5 3.966494 -1.5
v -23.5 4.245623 -0.5
v -23.5 4.119420 0.5
v -23.5 4.269506 1.5
v -23.5 3.948704 2.5
v -23.5 4.151955 3.5
v -23.5 3.785889 4.5
v -23.5 4.173410 5.5
v -23.5 3.982112 6.5
v -23.5 4.546924 7.5
v -23.5 4.650339 8.5
v -23.5 4.841904 9.5
v -23.5 4.995173 10.5
v -23.5 4.688499 11.5
v -23.5 5.042865 12.5
v -23.5 4.555957 13.5
v -23.5 4.731385 14.5
v -23.5 4.065250 15.5
v -23.5 3.826186 16.5
v -23.5 3.251087 17.5
v -23.5 2.813920 18.5
v -23.5 2.692961 19.5
v -23.5 2.558037 20.5
v -23.5 3.162231 21.5
v -23.5 3.407155 22.5
v -23.5 4.191152 23.5
v -23.5 4.252484 24.5
v -22.5 2.376858 -24.5
v -22.5 2.663694 -23.5
v -22.5 3.388761 -22.5
v -22.5 3.989151 -21.5
v -22.5 4.599548 -20.5
v -22.5 4.761450 -19.5
v -22.5 4.808425 -18.5
v -22.5 4.299450 -17.5
v -22.5 3.851134 -16.5
v -22.5 3.297776 -15.5
v -22.5 3.328228 -14.5
v -22.5 3.630308 -13.5
v -22.5 4.172997 -12.5
v -22.5 4.850879 -11.5
v -22.5 5.329962 -10.5
v -22.5 5.994021 -9.5
v -22.5 6.264061 -8.5
v -22.5 6.480859 -7.5
v -22.5 6.195646 -6.5
v -22.5 5.640904 -5.5
v -22.5 5.024607 -4.5
v -22.5 4.315495 -3.5
v -22.5 4.108391 -2.5
v -22.5 3.799700 -1.5
v -22.5 3.995670 -0.5
v -22.5 3.943927 0.5
v -22.5 4.304477 1.5
v -22.5 4.327277 2.5
v -22.5 4.557855 3.5
v -22.5 4.280958 4.5
v -22.5 4.208210 5.5
v -22.5 3.836822 6.5
v -22.5 3.898030 7.5
v -22.5 3.972495 8.5
v -22.5 4.203021 9.5
v -22.5 4.503923 10.5
v -22.5 4.410155 11.5
v -22.5 4.652631 12.5
v -22.5 4.330547 13.5
v -22.5 4.466495 14.5
v -22.5 4.043554 15.5
v -22.5 3.926255 16.5
v -22.5 3.578757 17.5
v -22.5 3.280784 18.5
v -22.5 3.076444 19.5
v -22.5 2.775720 20.5
v -22.5 3.099992 21.5
v -22.5 3.201433 22.5
v -22.5 3.779183 23.5
v -22.5 3.701263 24.5
v -21.5 2.634631 -24.5
v -21.5 2.802248 -23.5
v -21.5 3.177289 -22.5
v -21.5 3.608385 -21.5
v -21.5 3.933041 -20.5
v -21.5 4.046133 -19.5
v -21.5 4.048498 -18.5
v -21.5 3.650302 -17.5
v -21.5 3.401877 -16.5
v -21.5 3.071244 -15.5
v -21.5 3.341656 -14.5
v -21.5 3.810199 -13.5
v -21.5 4.468873 -12.5
v -21.5 5.097850 -11.5
v -21.5 5.453326 -10.5
v -21.5 5.893510 -9.5
v -21.5 6.019754 -8.5
v -21.5 6.139993 -7.5
v -21.5 5.837350 -6.5
v -21.5 5.359871 -5.5
v -21.5 4.738432 -4.5
v -21.5 4.057133 -3.5
v -21.5 3.698658 -2.5
v -21.5 3.353078 -1.5
v -21.5 3.553970 -0.5
v -21.5 3.703011 0.5
v -21.5 4.323481 1.5
v -21.5 4.691875 2.5
v -21.5 5.075439 3.5
v -21.5 4.884766 4.5
v -21.5 4.450002 5.5
v -21.5 3.781195 6.5
v -21.5 3.395388 7.5
v -21.5 3.375574 8.5
v -21.5 3.651286 9.5
v -21.5 4.094633 10.5
v -21.5 4.206641 11.5
v -21.5 4.390711 12.5
v -21.5 4.080542 13.5
v -21.5 4.127764 14.5
v -21.5 3.910003 15.5
v -21.5 4.030947 16.5
v -21.5 3.862308 17.5
v -21.5 3.561616 18.5
v -21.5 3.156206 19.5
v -21.5 2.677329 20.5
v -21.5 2.778350 21.5
v -21.5 2.848534 22.5
v -21.5 3.455818 23.5
v -21.5 3.551740 24.5
v -20.5 2.738197 -24.5
v -20.5 2.888424 -23.5
v -20.5 3.059157 -22.5
v -20.5 3.274581 -21.5
v -20.5 3.356503 -20.5
v -20.5 3.337706 -19.5
v -20.5 3.269163 -18.5
v -20.5 2.963296 -17.5
v -20.5 2.884738 -16.5
v -20.5 2.757344 -15.5
v -20.5 3.166131 -14.5
v -20.5 3.601566 -13.5
v -20.5 4.198012 -12.5
v -20.5 4.667673 -11.5
v -20.5 5.039193 -10.5
v -20.5 5.396441 -9.5
v -20.5 5.528283 -8.5
v -20.5 5.517525 -7.5
v -20.5 5.185971 -6.5
v -20.5 4.657003 -5.5
v -20.5 4.123100 -4.5
v -20.5 3.550201 -3.5
v -20.5 3.224318 -2.5
v -20.5 2.834804 -1.5
v -20.5 2.895171 -0.5
v -20.5 3.062189 0.5
v -20.5 3.790614 1.5
v -20.5 4.421385 2.5
v -20.5 5.001873 3.5
v -20.5 4.969296 4.5
v -20.5 4.477898 5.5
v -20.5 3.703178 6.5
v -20.5 3.137291 7.5
v -20.5 3.033370 8.5
v -20.5 3.287050 9.5
v -20.5 3.653407 10.5
v -20.5 3.699561 11.5
v -20.5 3.722745 12.5
v -20.5 3.484460 13.5
v -20.5 3.656638 14.5
v -20.5 3.715164 15.5
v -20.5 4.089929 16.5
v -20.5 4.125871 17.5
v -20.5 3.953814 18.5
v -20.5 3.471360 19.5
v -20.5 2.884718 20.5
v -20.5 2.725206 21.5
v -20.5 2.687271 22.5
v -20.5 3.027947 23.5
v -20.5 3.031952 24.5
v -19.5 3.326265 -24.5
v -19.5 3.291967 -23.5
v -19.5 3.196225 -22.5
v -19.5 3.030806 -21.5
v -19.5 2.840881 -20.5
v -19.5 2.603775 -19.5
v -19.5 2.478686 -18.5
v -19.5 2.241135 -17.5
v -19.5 2.289387 -16.5
v -19.5 2.405545 -15.5
v -19.5 3.000359 -14.5
v -19.5 3.588119 -13.5
v -19.5 4.277478 -12.5
v -19.5 4.662793 -11.5
v -19.5 4.915684 -10.5
v -19.5 5.004668 -9.5
v -19.5 5.044280 -8.5
v -19.5 4.929756 -7.5
v -19.5 4.737831 -6.5
v -19.5 4.273595 -5.5
v -19.5 3.832007 -4.5
v -19.5 3.126006 -3.5
v -19.5 2.672076 -2.5
v -19.5 2.242960 -1.5
v -19.5 2.358801 -0.5
v -19.5 2.693272 0.5
v -19.5 3.506497 1.5
v -19.5 4.286182 2.5
v -19.5 4.983974 3.5
v -19.5 5.138470 4.5
v -19.5 4.761380 5.5
v -19.5 4.002294 6.5
v -19.5 3.303510 7.5
v -19.5 3.031871 8.5
v -19.5 3.177164 9.5
v -19.5 3.445247 10.5
v -19.5 3.475190 11.5
v -19.5 3.350601 12.5
v -19.5 3.076642 13.5
v -19.5 3.199354 14.5
v -19.5 3.412497 15.5
v -19.5 3.963277 16.5
v -19.5 4.114806 17.5
v -19.5 4.029992 18.5
v -19.5 3.530220 19.5
v -19.5 3.053070 20.5
v -19.5 2.806320 21.5
v -19.5 2.795384 22.5
v -19.5 2.958277 23.5
v -19.5 3.057825 24.5
v -18.5 3.813567 -24.5
v -18.5 3.747510 -23.5
v -18.5 3.593945 -22.5
v -18.5 3.318023 -21.5
v -18.5 3.076820 -20.5
v -18.5 2.691815 -19.5
v -18.5 2.387555 -18.5
v -18.5 2.012518 -17.5
v -18.5 1.947869 -16.5
v -18.5 2.119415 -15.5
v -18.5 2.722788 -14.5
v -18.5 3.325577 -13.5
v -18.5 3.912423 -12.5
v -18.5 4.174019 -11.5
v -18.5 4.384456 -10.5
v -18.5 4.393700 -9.5
v -18.5 4.394248 -8.5
v -18.5 4.169445 -7.5
v -18.5 3.990387 -6.5
v -18.5 3.560985 -5.5
v -18.5 3.252344 -4.5
v -18.5 2.702333 -3.5
v -18.5 2.388957 -2.5
v -18.5 2.075591 -1.5
v -18.5 2.243589 -0.5
v -18.5 2.644787 0.5
v -18.5 3.410435 1.5
v -18.5 4.180542 2.5
v -18.5 4.854080 3.5
v -18.5 5.127922 4.5
v -18.5 4.854331 5.5
v -18.5 4.224446 6.5
v -18.5 3.495328 7.5
v -18.5 3.078734 8.5
v -18.5 2.945782 9.5
v -18.5 2.952598 10.5
v -18.5 2.909232 11.5
v -18.5 2.768816 12.5
v -18.5 2.635618 13.5
v -18.5 2.782011 14.5
v -18.5 3.018226 15.5
v -18.5 3.579714 16.5
v -18.5 3.793257 17.5
v -18.5 3.968028 18.5
v -18.5 3.710931 19.5
v -18.5 3.550846 20.5
v -18.5 3.356935 21.5
v -18.5 3.350281 22.5
v -18.5 3.264744 23.5
v -18.5 3.301801 24.5
v -17.5 4.091222 -24.5
v -17.5 4.135487 -23.5
v -17.5 4.156418 -22.5
v -17.5 4.002171 -21.5
v -17.5 3.730165 -20.5
v -17.5 3.197196 -19.5
v -17.5 2.639556 -18.5
v -17.5 2.056827 -17.5
v -17.5 1.807787 -16.5
v -17.5 1.972937 -15.5
v -17.5 2.623541 -14.5
v -17.5 3.358436 -13.5
v -17.5 4.059745 -12.5
v -17.5 4.355591 -11.5
v -17.5 4.475733 -10.5
v -17.5 4.257909 -9.5
v -17.5 4.056361 -8.5
v -17.5 3.716870 -7.5
v -17.5 3.560920 -6.5
v -17.5 3.295129 -5.5
v -17.5 3.054620 -4.5
v -17.5 2.553709 -3.5
v -17.5 2.234514 -2.5
v -17.5 2.113462 -1.5
v -17.5 2.549139 -0.5
v -17.5 3.168039 0.5
v -17.5 3.947027 1.5
v -17.5 4.603170 2.5
v -17.5 5.078887 3.5
v -17.5 5.325069 4.5
v -17.5 5.066540 5.5
v -17.5 4.502813 6.5
v -17.5 3.612011 7.5
v -17.5 2.994753 8.5
v -17.5 2.640979 9.5
v -17.5 2.601827 10.5
v -17.5 2.615527 11.5
v -17.5 2.564040 12.5
v -17.5 2.477815 13.5
v -17.5 2.564689 14.5
v -17.5 2.689924 15.5
v -17.5 3.151633 16.5
v -17.5 3.333121 17.5
v -17.5 3.626618 18.5
v -17.5 3.638191 19.5
v -17.5 3.835885 20.5
v -17.5 3.886251 21.5
v -17.5 3.907397 22.5
v -17.5 3.687810 23.5
v -17.5 3.589244 24.5
v -16.5 4.209486 -24.5
v -16.5 4.290728 -23.5
v -16.5 4.524731 -22.5
v -16.5 4.648661 -21.5
v -16.5 4.568270 -20.5
v -16.5 4.073258 -19.5
v -16.5 3.300504 -18.5
v -16.5 2.432456 -17.5
v -16.5 1.926905 -16.5
v -16.5 1.953614 -15.5
v -16.5 2.567235 -14.5
v -16.5 3.276078 -13.5
v -16.5 3.924751 -12.5
v -16.5 4.150205 -11.5
v -16.5 4.241327 -10.5
v -16.5 4.015855 -9.5
v -16.5 3.742359 -8.5
v -16.5 3.326978 -7.5
v -16.5 3.064267 -6.5
v -16.5 2.846531 -5.5
v -16.5 2.646806 -4.5
v -16.5 2.419736 -3.5
v -16.5 2.344182 -2.5
v -16.5 2.550372 -1.5
v -16.5 3.181445 -0.5
v -16.5 3.874124 0.5
v -16.5 4.527688 1.5
v -16.5 4.958542 2.5
v -16.5 5.156179 3.5
v -16.5 5.271850 4.5
v -16.5 4.907826 5.5
v -16.5 4.424561 6.5
v -16.5 3.503956 7.5
v -16.5 2.808069 8.5
v -16.5 2.198069 9.5
v -16.5 2.082834 10.5
v -16.5 2.192265 11.5
v -16.5 2.442689 12.5
v -16.5 2.572802 13.5
v -16.5 2.665029 14.5
v -16.5 2.651972 15.5
v -16.5 2.826017 16.5
v -16.5 2.922560 17.5
v -16.5 3.218419 18.5
v -16.5 3.545491 19.5
v -16.5 3.990067 20.5
v -16.5 4.334712 21.5
v -16.5 4.423666 22.5
v -16.5 4.297913 23.5
v -16.5 4.228117 24.5
v -15.5 4.063794 -24.5
v -15.5 4.274472 -23.5
v -15.5 4.742733 -22.5
v -15.5 5.067129 -21.5
v -15.5 5.055886 -20.5
v -15.5 4.514555 -19.5
v -15.5 3.619425 -18.5
v -15.5 2.621309 -17.5
v -15.5 2.054461 -16.5
v -15.5 2.044079 -15.5
v -15.5 2.722073 -14.5
v -15.5 3.512810 -13.5
v -15.5 4.223902 -12.5
v -15.5 4.494620 -11.5
v -15.5 4.467899 -10.5
v -15.5 4.111310 -9.5
v -15.5 3.648481 -8.5
v -15.5 3.192596 -7.5
v -15.5 2.854849 -6.5
v -15.5 2.709925 -5.5
v -15.5 2.438770 -4.5
v -15.5 2.306470 -3.5
v -15.5 2.255181 -2.5
v -15.5 2.757982 -1.5
v -15.5 3.553522 -0.5
v -15.5 4.399032 0.5
v -15.5 4.909845 1.5
v -15.5 5.124226 2.5
v -15.5 4.981377 3.5
v -15.5 4.934404 4.5
v -15.5 4.458376 5.5
v -15.5 4.078192 6.5
v -15.5 3.166602 7.5
v -15.5 2.575841 8.5
v -15.5 1.993235 9.5
v -15.5 1.968820 10.5
v -15.5 2.151803 11.5
v -15.5 2.535888 12.5
v -15.5 2.840371 13.5
v -15.5 2.974882 14.5
v -15.5 2.975756 15.5
v -15.5 2.873466 16.5
v -15.5 2.843980 17.5
v -15.5 2.857924 18.5
v -15.5 3.209957 19.5
v -15.5 3.674781 20.5
v -15.5 4.275693 21.5
v -15.5 4.461653 22.5
v -15.5 4.429219 23.5
v -15.5 4.233180 24.5
v -14.5 4.055404 -24.5
v -14.5 4.197569 -23.5
v -14.5 4.593092 -22.5
v -14.5 4.927322 -21.5
v -14.5 4.987666 -20.5
v -14.5 4.519813 -19.5
v -14.5 3.665745 -18.5
v -14.5 2.665602 -17.5
v -14.5 2.192651 -16.5
v -14.5 2.250332 -15.5
v -14.5 2.959230 -14.5
v -14.5 3.671141 -13.5
v -14.5 4.208751 -12.5
v -14.5 4.363772 -11.5
v -14.5 4.237468 -10.5
v -14.5 3.919930 -9.5
v -14.5 3.444475 -8.5
v -14.5 3.045093 -7.5
v -14.5 2.624389 -6.5
v -14.5 2.483368 -5.5
v -14.5 2.103492 -4.5
v -14.5 2.136955 -3.5
v -14.5 2.159902 -2.5
v -14.5 2.916539 -1.5
v -14.5 3.644582 -0.5
v -14.5 4.472163 0.5
v -14.5 4.741145 1.5
v -14.5 4.848370 2.5
v -14.5 4.501983 3.5
v -14.5 4.379144 4.5
v -14.5 3.830353 5.5
v -14.5 3.641844 6.5
v -14.5 2.963830 7.5
v -14.5 2.579455 8.5
v -14.5 2.020761 9.5
v -14.5 1.981785 10.5
v -14.5 2.283341 11.5
v -14.5 2.892052 12.5
v -14.5 3.453443 13.5
v -14.5 3.668750 14.5
v -14.5 3.675373 15.5
v -14.5 3.343658 16.5
v -14.5 3.140452 17.5
v -14.5 2.885513 18.5
v -14.5 3.144704 19.5
v -14.5 3.501916 20.5
v -14.5 4.109084 21.5
v -14.5 4.356322 22.5
v -14.5 4.510961 23.5
v -14.5 4.467287 24.5
v -13.5 4.283309 -24.5
v -13.5 4.326866 -23.5
v -13.5 4.536656 -22.5
v -13.5 4.651328 -21.5
v -13.5 4.583566 -20.5
v -13.5 4.049439 -19.5
v -13.5 3.299465 -18.5
v -13.5 2.486805 -17.5
v -13.5 2.259144 -16.5
v -13.5 2.494418 -15.5
v -13.5 3.271513 -14.5
v -13.5 3.951769 -13.5
v -13.5 4.452474 -12.5
v -13.5 4.534917 -11.5
v -13.5 4.375611 -10.5
v -13.5 3.984491 -9.5
v -13.5 3.468217 -8.5
v -13.5 3.048476 -7.5
v -13.5 2.573960 -6.5
v -13.5 2.370120 -5.5
v -13.5 1.863928 -4.5
v -13.5 1.877099 -3.5
v -13.5 1.881664 -2.5
v -13.5 2.740039 -1.5
v -13.5 3.450053 -0.5
v -13.5 4.286237 0.5
v -13.5 4.410022 1.5
v -13.5 4.417410 2.5
v -13.5 3.910815 3.5
v -13.5 3.738670 4.5
v -13.5 3.255962 5.5
v -13.5 3.247591 6.5
v -13.5 2.815678 7.5
v -13.5 2.644434 8.5
v -13.5 2.258257 9.5
v -13.5 2.260014 10.5
v -13.5 2.567421 11.5
v -13.5 3.222405 12.5
v -13.5 3.932344 13.5
v -13.5 4.351945 14.5
v -13.5 4.445357 15.5
v -13.5 4.082447 16.5
v -13.5 3.719081 17.5
v -13.5 3.257031 18.5
v -13.5 3.236299 19.5
v -13.5 3.389189 20.5
v -13.5 3.857398 21.5
v -13.5 4.108990 22.5
v -13.5 4.239143 23.5
v -13.5 4.171023 24.5
v -12.5 4.571843 -24.5
v -12.5 4.497818 -23.5
v -12.5 4.490532 -22.5
v -12.5 4.367005 -21.5
v -12.5 4.266135 -20.5
v -12.5 3.732871 -19.5
v -12.5 3.098225 -18.5
v -12.5 2.461484 -17.5
v -12.5 2.397487 -16.5
v -12.5 2.794550 -15.5
v -12.5 3.518158 -14.5
v -12.5 4.035103 -13.5
v -12.5 4.410437 -12.5
v -12.5 4.407130 -11.5
v -12.5 4.365985 -10.5
v -12.5 4.009611 -9.5
v -12.5 3.619457 -8.5
v -12.5 3.186662 -7.5
v -12.5 2.735451 -6.5
v -12.5 2.413956 -5.5
v -12.5 1.907144 -4.5
v -12.5 1.846877 -3.5
v -12.5 1.917427 -2.5
v -12.5 2.654740 -1.5
v -12.5 3.222236 -0.5
v -12.5 3.843384 0.5
v -12.5 3.939912 1.5
v -12.5 4.000960 2.5
v -12.5 3.665992 3.5
v -12.5 3.555694 4.5
v -12.5 3.218934 5.5
v -12.5 3.347308 6.5
v -12.5 3.167839 7.5
v -12.5 3.098114 8.5
v -12.5 2.710977 9.5
v -12.5 2.650973 10.5
v -12.5 3.003954 11.5
v -12.5 3.808339 12.5
v -12.5 4.632912 13.5
v -12.5 5.107554 14.5
v -12.5 5.132426 15.5
v -12.5 4.756124 16.5
v -12.5 4.305008 17.5
v -12.5 3.843326 18.5
v -12.5 3.678614 19.5
v -12.5 3.642568 20.5
v -12.5 3.753473 21.5
v -12.5 3.761567 22.5
v -12.5 3.744337 23.5
v -12.5 3.672990 24.5
v -11.5 5.244203 -24.5
v -11.5 5.016426 -23.5
v -11.5 4.811892 -22.5
v -11.5 4.460860 -21.5
v -11.5 4.205480 -20.5
v -11.5 3.610421 -19.5
v -11.5 2.992713 -18.5
v -11.5 2.542297 -17.5
v -11.5 2.542178 -16.5
v -11.5 3.047580 -15.5
v -11.5 3.626973 -14.5
v -11.5 4.095200 -13.5
v -11.5 4.437319 -12.5
v -11.5 4.533971 -11.5
v -11.5 4.669728 -10.5
v -11.5 4.415921 -9.5
v -11.5 4.125592 -8.5
v -11.5 3.607662 -7.5
v -11.5 3.152415 -6.5
v -11.5 2.659812 -5.5
v -11.5 2.210609 -4.5
v -11.5 2.040262 -3.5
v -11.5 2.163944 -2.5
v -11.5 2.685806 -1.5
v -11.5 3.176418 -0.5
v -11.5 3.591631 0.5
v -11.5 3.717840 1.5
v -11.5 3.744323 2.5
v -11.5 3.596656 3.5
v -11.5 3.587393 4.5
v -11.5 3.532552 5.5
v -11.5 3.761128 6.5
v -11.5 3.713084 7.5
v -11.5 3.602791 8.5
v -11.5 3.242990 9.5
v -11.5 3.166839 10.5
v -11.5 3.554659 11.5
v -11.5 4.348935 12.5
v -11.5 5.211640 13.5
v -11.5 5.680505 14.5
v -11.5 5.676147 15.5
v -11.5 5.271499 16.5
v -11.5 4.821322 17.5
v -11.5 4.404178 18.5
v -11.5 4.171947 19.5
v -11.5 3.955307 20.5
v -11.5 3.816023 21.5
v -11.5 3.597603 22.5
v -11.5 3.468925 23.5
v -11.5 3.410438 24.5
v -10.5 5.486696 -24.5
v -10.5 5.356639 -23.5
v -10.5 5.154067 -22.5
v -10.5 4.865730 -21.5
v -10.5 4.580459 -20.5
v -10.5 4.067705 -19.5
v -10.5 3.350219 -18.5
v -10.5 2.919008 -17.5
v -10.5 2.756594 -16.5
v -10.5 3.229739 -15.5
v -10.5 3.606399 -14.5
v -10.5 4.069373 -13.5
v -10.5 4.351101 -12.5
v -10.5 4.612597 -11.5
v -10.5 4.830439 -10.5
v -10.5 4.688889 -9.5
v -10.5 4.474593 -8.5
v -10.5 3.990556 -7.5
v -10.5 3.653185 -6.5
v -10.5 3.171724 -5.5
v -10.5 2.831201 -4.5
v -10.5 2.558568 -3.5
v -10.5 2.570333 -2.5
v -10.5 2.719782 -1.5
v -10.5 2.921234 -0.5
v -10.5 3.073068 0.5
v -10.5 3.269911 1.5
v -10.5 3.462496 2.5
v -10.5 3.693518 3.5
v -10.5 3.910833 4.5
v -10.5 4.172546 5.5
v -10.5 4.467889 6.5
v -10.5 4.538466 7.5
v -10.5 4.303729 8.5
v -10.5 3.933330 9.5
v -10.5 3.742286 10.5
v -10.5 4.233138 11.5
v -10.5 5.001860 12.5
v -10.5 5.869533 13.5
v -10.5 6.111105 14.5
v -10.5 5.968515 15.5
v -10.5 5.421527 16.5
v -10.5 5.054345 17.5
v -10.5 4.693286 18.5
v -10.5 4.556163 19.5
v -10.5 4.136392 20.5
v -10.5 3.770561 21.5
v -10.5 3.173512 22.5
v -10.5 2.874369 23.5
v -10.5 2.594134 24.5
v -9.5 5.911472 -24.5
v -9.5 5.730274 -23.5
v -9.5 5.413146 -22.5
v -9.5 5.158736 -21.5
v -9.5 4.747911 -20.5
v -9.5 4.240506 -19.5
v -9.5 3.430365 -18.5
v -9.5 3.034527 -17.5
v -9.5 2.802356 -16.5
v -9.5 3.235419 -15.5
v -9.5 3.507758 -14.5
v -9.5 4.022279 -13.5
v -9.5 4.332889 -12.5
v -9.5 4.777186 -11.5
v -9.5 5.050326 -10.5
v -9.5 5.001935 -9.5
v -9.5 4.790459 -8.5
v -9.5 4.302897 -7.5
v -9.5 3.988350 -6.5
v -9.5 3.570007 -5.5
v -9.5 3.325679 -4.5
v -9.5 3.079796 -3.5
v -9.5 2.954226 -2.5
v -9.5 2.863289 -1.5
v -9.5 2.785621 -0.5
v -9.5 2.797308 0.5
v -9.5 2.969734 1.5
v -9.5 3.250432 2.5
v -9.5 3.682185 3.5
v -9.5 4.104069 4.5
v -9.5 4.613971 5.5
v -9.5 4.937093 6.5
v -9.5 5.068340 7.5
v -9.5 4.703678 8.5
v -9.5 4.411426 9.5
v -9.5 4.191842 10.5
v -9.5 4.797340 11.5
v -9.5 5.447283 12.5
v -9.5 6.311253 13.5
v -9.5 6.409216 14.5
v -9.5 6.310566 15.5
v -9.5 5.713366 16.5
v -9.5 5.472350 17.5
v -9.5 5.037925 18.5
v -9.5 4.960137 19.5
v -9.5 4.338550 20.5
v -9.5 4.003822 21.5
v -9.5 3.311933 22.5
v -9.5 3.190094 23.5
v -9.5 3.046333 24.5
v -8.5 5.373780 -24.5
v -8.5 5.406517 -23.5
v -8.5 5.215414 -22.5
v -8.5 5.133138 -21.5
v -8.5 4.797899 -20.5
v -8.5 4.391174 -19.5
v -8.5 3.621222 -18.5
v -8.5 3.158929 -17.5
v -8.5 2.861474 -16.5
v -8.5 3.180073 -15.5
v -8.5 3.445653 -14.5
v -8.5 3.975899 -13.5
v -8.5 4.341012 -12.5
v -8.5 4.786232 -11.5
v -8.5 4.994641 -10.5
v -8.5 4.884122 -9.5
v -8.5 4.619682 -8.5
v -8.5 4.189375 -7.5
v -8.5 3.943664 -6.5
v -8.5 3.691338 -5.5
v -8.5 3.492276 -4.5
v -8.5 3.294833 -3.5
v -8.5 2.952634 -2.5
v -8.5 2.712528 -1.5
v -8.5 2.434121 -0.5
v -8.5 2.479735 0.5
v -8.5 2.662364 1.5
v -8.5 3.069028 2.5
v -8.5 3.540647 3.5
v -8.5 4.058745 4.5
v -8.5 4.682330 5.5
v -8.5 5.027534 6.5
v -8.5 5.183874 7.5
v -8.5 4.720610 8.5
v -8.5 4.445445 9.5
v -8.5 4.184581 10.5
v -8.5 4.812063 11.5
v -8.5 5.408052 12.5
v -8.5 6.265265 13.5
v -8.5 6.294797 14.5
v -8.5 6.274371 15.5
v -8.5 5.721243 16.5
v -8.5 5.650447 17.5
v -8.5 5.241728 18.5
v -8.5 5.231996 19.5
v -8.5 4.475242 20.5
v -8.5 4.116141 21.5
v -8.5 3.266822 22.5
v -8.5 3.088471 23.5
v -8.5 2.697774 24.5
v -7.5 5.265765 -24.5
v -7.5 5.145550 -23.5
v -7.5 4.825497 -22.5
v -7.5 4.668982 -21.5
v -7.5 4.268124 -20.5
v -7.5 3.822586 -19.5
v -7.5 3.179860 -18.5
v -7.5 2.813490 -17.5
v -7.5 2.699431 -16.5
v -7.5 2.991160 -15.5
v -7.5 3.319829 -14.5
v -7.5 3.796482 -13.5
v -7.5 4.242470 -12.5
v -7.5 4.695064 -11.5
v -7.5 4.947561 -10.5
v -7.5 4.842496 -9.5
v -7.5 4.519030 -8.5
v -7.5 4.052926 -7.5
v -7.5 3.663211 -6.5
v -7.5 3.430385 -5.5
v -7.5 3.203391 -4.5
v -7.5 3.161213 -3.5
v -7.5 2.898481 -2.5
v -7.5 2.811302 -1.5
v -7.5 2.561542 -0.5
v -7.5 2.672727 0.5
v -7.5 2.753225 1.5
v -7.5 3.087116 2.5
v -7.5 3.377257 3.5
v -7.5 3.785548 4.5
v -7.5 4.300556 5.5
v -7.5 4.536122 6.5
v -7.5 4.688850 7.5
v -7.5 4.239550 8.5
v -7.5 4.047878 9.5
v -7.5 3.871225 10.5
v -7.5 4.446532 11.5
v -7.5 4.984038 12.5
v -7.5 5.785010 13.5
v -7.5 5.998291 14.5
v -7.5 6.270946 15.5
v -7.5 6.036341 16.5
v -7.5 6.113069 17.5
v -7.5 5.720987 18.5
v -7.5 5.601999 19.5
v -7.5 4.825875 20.5
v -7.5 4.464972 21.5
v -7.5 3.783637 22.5
v -7.5 3.770030 23.5
v -7.5 3.647352 24.5
v -6.5 4.354373 -24.5
v -6.5 4.397707 -23.5
v -6.5 4.184532 -22.5
v -6.5 4.058030 -21.5
v -6.5 3.720685 -20.5
v -6.5 3.360178 -19.5
v -6.5 2.896204 -18.5
v -6.5 2.637591 -17.5
v -6.5 2.681872 -16.5
v -6.5 2.950487 -15.5
v -6.5 3.302680 -14.5
v -6.5 3.644278 -13.5
v -6.5 3.985327 -12.5
v -6.5 4.301256 -11.5
v -6.5 4.483825 -10.5
v -6.5 4.442269 -9.5
v -6.5 4.141939 -8.5
v -6.5 3.721442 -7.5
v -6.5 3.194268 -6.5
v -6.5 2.857499 -5.5
v -6.5 2.560941 -4.5
v -6.5 2.572130 -3.5
v -6.5 2.511286 -2.5
v -6.5 2.672285 -1.5
v -6.5 2.724456 -0.5
v -6.5 3.029767 0.5
v -6.5 3.093897 1.5
v -6.5 3.215592 2.5
v -6.5 3.148449 3.5
v -6.5 3.268306 4.5
v -6.5 3.621931 5.5
v -6.5 3.793849 6.5
v -6.5 3.923382 7.5
v -6.5 3.467954 8.5
v -6.5 3.262209 9.5
v -6.5 3.104967 10.5
v -6.5 3.562157 11.5
v -6.5 4.146073 12.5
v -6.5 4.889943 13.5
v -6.5 5.310858 14.5
v -6.5 5.706767 15.5
v -6.5 5.760652 16.5
v -6.5 5.965553 17.5
v -6.5 5.765877 18.5
v -6.5 5.631878 19.5
v -6.5 4.995478 20.5
v -6.5 4.524438 21.5
v -6.5 3.895586 22.5
v -6.5 3.617246 23.5
v -6.5 3.348494 24.5
v -5.5 4.404580 -24.5
v -5.5 4.301408 -23.5
v -5.5 4.048245 -22.5
v -5.5 3.802396 -21.5
v -5.5 3.361101 -20.5
v -5.5 2.919559 -19.5
v -5.5 2.574451 -18.5
v -5.5 2.470604 -17.5
v -5.5 2.675189 -16.5
v -5.5 2.934351 -15.5
v -5.5 3.184055 -14.5
v -5.5 3.354471 -13.5
v -5.5 3.550843 -12.5
v -5.5 3.875392 -11.5
v -5.5 4.130164 -10.5
v -5.5 4.300030 -9.5
v -5.5 4.096389 -8.5
v -5.5 3.693418 -7.5
v -5.5 3.034727 -6.5
v -5.5 2.461318 -5.5
v -5.5 2.086811 -4.5
v -5.5 2.078373 -3.5
v -5.5 2.347805 -2.5
v -5.5 2.790686 -1.5
v -5.5 3.186008 -0.5
v -5.5 3.519408 0.5
v -5.5 3.476825 1.5
v -5.5 3.287160 2.5
v -5.5 2.887953 3.5
v -5.5 2.737806 4.5
v -5.5 2.841657 5.5
v -5.5 2.948015 6.5
v -5.5 3.044530 7.5
v -5.5 2.733726 8.5
v -5.5 2.609338 9.5
v -5.5 2.595708 10.5
v -5.5 2.910490 11.5
v -5.5 3.466951 12.5
v -5.5 4.031154 13.5
v -5.5 4.721551 14.5
v -5.5 5.298341 15.5
v -5.5 5.669017 16.5
v -5.5 5.890879 17.5
v -5.5 5.710756 18.5
v -5.5 5.474401 19.5
v -5.5 4.919670 20.5
v -5.5 4.416644 21.5
v -5.5 3.971149 22.5
v -5.5 3.738934 23.5
v -5.5 3.741122 24.5
v -4.5 3.875189 -24.5
v -4.5 3.902908 -23.5
v -4.5 3.739520 -22.5
v -4.5 3.532777 -21.5
v -4.5 3.164348 -20.5
v -4.5 2.766029 -19.5
v -4.5 2.560518 -18.5
v -4.5 2.574982 -17.5
v -4.5 2.932351 -16.5
v -4.5 3.210225 -15.5
v -4.5 3.338964 -14.5
v -4.5 3.282222 -13.5
v -4.5 3.170743 -12.5
v -4.5 3.302699 -11.5
v -4.5 3.486039 -10.5
v -4.5 3.828308 -9.5
v -4.5 3.872371 -8.5
v -4.5 3.652552 -7.5
v -4.5 3.040600 -6.5
v -4.5 2.297416 -5.5
v -4.5 1.817985 -4.5
v -4.5 1.658588 -3.5
v -4.5 2.049109 -2.5
v -4.5 2.584722 -1.5
v -4.5 3.279180 -0.5
v -4.5 3.721927 0.5
v -4.5 3.781217 1.5
v -4.5 3.434566 2.5
v -4.5 2.796947 3.5
v -4.5 2.455488 4.5
v -4.5 2.377970 5.5
v -4.5 2.533550 6.5
v -4.5 2.547204 7.5
v -4.5 2.310975 8.5
v -4.5 2.062812 9.5
v -4.5 2.047754 10.5
v -4.5 2.173729 11.5
v -4.5 2.749411 12.5
v -4.5 3.151469 13.5
v -4.5 3.908261 14.5
v -4.5 4.388172 15.5
v -4.5 4.870270 16.5
v -4.5 5.132042 17.5
v -4.5 5.058548 18.5
v -4.5 4.903112 19.5
v -4.5 4.430121 20.5
v -4.5 4.001987 21.5
v -4.5 3.571191 22.5
v -4.5 3.247536 23.5
v -4.5 3.101662 24.5
v -3.5 3.872755 -24.5
v -3.5 3.944305 -23.5
v -3.5 3.854712 -22.5
v -3.5 3.718115 -21.5
v -3.5 3.334550 -20.5
v -3.5 2.937634 -19.5
v -3.5 2.832206 -18.5
v -3.5 2.901758 -17.5
v -3.5 3.273590 -16.5
v -3.5 3.396509 -15.5
v -3.5 3.364332 -14.5
v -3.5 3.122248 -13.5
v -3.5 2.889460 -12.5
v -3.5 3.011135 -11.5
v -3.5 3.230131 -10.5
v -3.5 3.729049 -9.5
v -3.5 3.910022 -8.5
v -3.5 3.908485 -7.5
v -3.5 3.449482 -6.5
v -3.5 2.786537 -5.5
v -3.5 2.217268 -4.5
v -3.5 1.881081 -3.5
v -3.5 2.118732 -2.5
v -3.5 2.560958 -1.5
v -3.5 3.303969 -0.5
v -3.5 3.729093 0.5
v -3.5 3.811029 1.5
v -3.5 3.377318 2.5
v -3.5 2.680326 3.5
v -3.5 2.270541 4.5
v -3.5 2.077956 5.5
v -3.5 2.279010 6.5
v -3.5 2.286216 7.5
v -3.5 2.249223 8.5
v -3.5 2.034854 9.5
v -3.5 2.058411 10.5
v -3.5 1.978084 11.5
v -3.5 2.326462 12.5
v -3.5 2.480435 13.5
v -3.5 3.208682 14.5
v -3.5 3.717316 15.5
v -3.5 4.315470 16.5
v -3.5 4.567223 17.5
v -3.5 4.459273 18.5
v -3.5 4.280878 19.5
v -3.5 3.785422 20.5
v -3.5 3.435753 21.5
v -3.5 3.028655 22.5
v -3.5 2.856213 23.5
v -3.5 2.795910 24.5
v -2.5 3.488928 -24.5
v -2.5 3.572120 -23.5
v -2.5 3.462664 -22.5
v -2.5 3.396908 -21.5
v -2.5 3.118674 -20.5
v -2.5 2.900638 -19.5
v -2.5 2.943322 -18.5
v -2.5 3.140126 -17.5
v -2.5 3.627110 -16.5
v -2.5 3.743711 -15.5
v -2.5 3.676587 -14.5
v -2.5 3.289522 -13.5
v -2.5 2.938181 -12.5
v -2.5 2.939072 -11.5
v -2.5 2.987246 -10.5
v -2.5 3.510008 -9.5
v -2.5 3.743253 -8.5
v -2.5 4.082687 -7.5
v -2.5 3.823628 -6.5
v -2.5 3.426823 -5.5
v -2.5 2.788725 -4.5
v -2.5 2.363859 -3.5
v -2.5 2.254353 -2.5
v -2.5 2.478299 -1.5
v -2.5 3.049453 -0.5
v -2.5 3.532542 0.5
v -2.5 3.811460 1.5
v -2.5 3.533330 2.5
v -2.5 2.950520 3.5
v -2.5 2.535036 4.5
v -2.5 2.338811 5.5
v -2.5 2.579919 6.5
v -2.5 2.595893 7.5
v -2.5 2.596220 8.5
v -2.5 2.280864 9.5
v -2.5 2.141121 10.5
v -2.5 1.861495 11.5
v -2.5 1.940472 12.5
v -2.5 1.904221 13.5
v -2.5 2.384221 14.5
v -2.5 2.770409 15.5
v -2.5 3.362166 16.5
v -2.5 3.719953 17.5
v -2.5 3.798339 18.5
v -2.5 3.710029 19.5
v -2.5 3.267530 20.5
v -2.5 2.947404 21.5
v -2.5 2.553084 22.5
v -2.5 2.402878 23.5
v -2.5 2.308254 24.5
v -1.5 3.335817 -24.5
v -1.5 3.463883 -23.5
v -1.5 3.494855 -22.5
v -1.5 3.540136 -21.5
v -1.5 3.333901 -20.5
v -1.5 3.236804 -19.5
v -1.5 3.320291 -18.5
v -1.5 3.540162 -17.5
v -1.5 3.866220 -16.5
v -1.5 3.802626 -15.5
v -1.5 3.680156 -14.5
v -1.5 3.369993 -13.5
v -1.5 3.183923 -12.5
v -1.5 3.281646 -11.5
v -1.5 3.281227 -10.5
v -1.5 3.695203 -9.5
v -1.5 3.763296 -8.5
v -1.5 4.221627 -7.5
v -1.5 4.135415 -6.5
v -1.5 4.104365 -5.5
v -1.5 3.513830 -4.5
v -1.5 3.082465 -3.5
v -1.5 2.648672 -2.5
v -1.5 2.694945 -1.5
v -1.5 3.027414 -0.5
v -1.5 3.409015 0.5
v -1.5 3.605279 1.5
v -1.5 3.321615 2.5
v -1.5 2.860866 3.5
v -1.5 2.508451 4.5
v -1.5 2.402306 5.5
v -1.5 2.738930 6.5
v -1.5 2.935032 7.5
v -1.5 3.172482 8.5
v -1.5 2.975784 9.5
v -1.5 2.747971 10.5
v -1.5 2.264986 11.5
v -1.5 2.002930 12.5
v -1.5 1.780172 13.5
v -1.5 2.046340 14.5
v -1.5 2.409989 15.5
v -1.5 2.979833 16.5
v -1.5 3.318017 17.5
v -1.5 3.402798 18.5
v -1.5 3.257685 19.5
v -1.5 2.880721 20.5
v -1.5 2.519723 21.5
v -1.5 2.135110 22.5
v -1.5 1.926800 23.5
v -1.5 1.799745 24.5
v -0.5 3.230006 -24.5
v -0.5 3.273731 -23.5
v -0.5 3.253783 -22.5
v -0.5 3.291506 -21.5
v -0.5 3.146903 -20.5
v -0.5 3.228206 -19.5
v -0.5 3.309790 -18.5
v -0.5 3.613470 -17.5
v -0.5 3.898000 -16.5
v -0.5 3.966704 -15.5
v -0.5 3.919922 -14.5
v -0.5 3.747515 -13.5
v -0.5 3.688988 -12.5
v -0.5 3.771662 -11.5
v -0.5 3.694719 -10.5
v -0.5 3.863213 -9.5
v -0.5 3.824760 -8.5
v -0.5 4.191652 -7.5
v -0.5 4.206774 -6.5
v -0.5 4.318588 -5.5
v -0.5 3.908458 -4.5
v -0.5 3.554289 -3.5
v -0.5 3.063242 -2.5
v -0.5 2.915445 -1.5
v -0.5 3.047244 -0.5
v -0.5 3.322245 0.5
v -0.5 3.570805 1.5
v -0.5 3.382011 2.5
v -0.5 3.067409 3.5
v -0.5 2.826037 4.5
v -0.5 2.854507 5.5
v -0.5 3.287728 6.5
v -0.5 3.526373 7.5
v -0.5 3.794395 8.5
v -0.5 3.544338 9.5
v -0.5 3.260858 10.5
v -0.5 2.692162 11.5
v -0.5 2.308086 12.5
v -0.5 2.014118 13.5
v -0.5 2.089926 14.5
v -0.5 2.303216 15.5
v -0.5 2.685582 16.5
v -0.5 2.954442 17.5
v -0.5 3.101041 18.5
v -0.5 2.978310 19.5
v -0.5 2.714755 20.5
v -0.5 2.353779 21.5
v -0.5 2.080885 22.5
v -0.5 1.889622 23.5
v -0.5 1.889339 24.5
v 0.5 3.273124 -24.5
v 0.5 3.384370 -23.5
v 0.5 3.477082 -22.5
v 0.5 3.665021 -21.5
v 0.5 3.557937 -20.5
v 0.5 3.687029 -19.5
v 0.5 3.596937 -18.5
v 0.5 3.830631 -17.5
v 0.5 3.825999 -16.5
v 0.5 3.880675 -15.5
v 0.5 3.898611 -14.5
v 0.5 4.015201 -13.5
v 0.5 4.229491 -12.5
v 0.5 4.375035 -11.5
v 0.5 4.318529 -10.5
v 0.5 4.136804 -9.5
v 0.5 3.922690 -8.5
v 0.5 3.918355 -7.5
v 0.5 3.992106 -6.5
v 0.5 4.028803 -5.5
v 0.5 3.880198 -4.5
v 0.5 3.525892 -3.5
v 0.5 3.272049 -2.5
v 0.5 3.081285 -1.5
v 0.5 3.290158 -0.5
v 0.5 3.319919 0.5
v 0.5 3.378635 1.5
v 0.5 3.079731 2.5
v 0.5 2.881930 3.5
v 0.5 2.866075 4.5
v 0.5 3.075207 5.5
v 0.5 3.671292 6.5
v 0.5 4.059290 7.5
v 0.5 4.491873 8.5
v 0.5 4.249184 9.5
v 0.5 3.895854 10.5
v 0.5 3.194248 11.5
v 0.5 2.782530 12.5
v 0.5 2.553256 13.5
v 0.5 2.652755 14.5
v 0.5 2.848579 15.5
v 0.5 3.035249 16.5
v 0.5 3.021808 17.5
v 0.5 2.911096 18.5
v 0.5 2.638774 19.5
v 0.5 2.478036 20.5
v 0.5 2.206345 21.5
v 0.5 2.034551 22.5
v 0.5 1.773191 23.5
v 0.5 1.656000 24.5
v 1.5 3.167291 -24.5
v 1.5 3.289591 -23.5
v 1.5 3.355635 -22.5
v 1.5 3.562853 -21.5
v 1.5 3.492876 -20.5
v 1.5 3.654966 -19.5
v 1.5 3.457575 -18.5
v 1.5 3.628900 -17.5
v 1.5 3.562199 -16.5
v 1.5 3.792130 -15.5
v 1.5 3.969852 -14.5
v 1.5 4.257140 -13.5
v 1.5 4.592654 -12.5
v 1.5 4.689610 -11.5
v 1.5 4.661080 -10.5
v 1.5 4.288328 -9.5
v 1.5 4.060949 -8.5
v 1.5 3.738198 -7.5
v 1.5 3.801183 -6.5
v 1.5 3.631193 -5.5
v 1.5 3.722910 -4.5
v 1.5 3.334117 -3.5
v 1.5 3.342331 -2.5
v 1.5 3.032093 -1.5
v 1.5 3.324425 -0.5
v 1.5 3.313086 0.5
v 1.5 3.503165 1.5
v 1.5 3.334433 2.5
v 1.5 3.241550 3.5
v 1.5 3.394748 4.5
v 1.5 3.712242 5.5
v 1.5 4.314757 6.5
v 1.5 4.570382 7.5
v 1.5 4.792147 8.5
v 1.5 4.427414 9.5
v 1.5 4.060256 10.5
v 1.5 3.438398 11.5
v 1.5 3.162003 12.5
v 1.5 3.059565 13.5
v 1.5 3.213416 14.5
v 1.5 3.313146 15.5
v 1.5 3.325922 16.5
v 1.5 3.108623 17.5
v 1.5 2.902037 18.5
v 1.5 2.572652 19.5
v 1.5 2.480303 20.5
v 1.5 2.339411 21.5
v 1.5 2.354602 22.5
v 1.5 2.298799 23.5
v 1.5 2.363496 24.5
v 2.5 3.228310 -24.5
v 2.5 3.340602 -23.5
v 2.5 3.535298 -22.5
v 2.5 3.832980 -21.5
v 2.5 3.882968 -20.5
v 2.5 3.959612 -19.5
v 2.5 3.688334 -18.5
v 2.5 3.640384 -17.5
v 2.5 3.432776 -16.5
v 2.5 3.606175 -15.5
v 2.5 3.897005 -14.5
v 2.5 4.339270 -13.5
v 2.5 4.759657 -12.5
v 2.5 4.795119 -11.5
v 2.5 4.649812 -10.5
v 2.5 4.075210 -9.5
v 2.5 3.719366 -8.5
v 2.5 3.239739 -7.5
v 2.5 3.315099 -6.5
v 2.5 3.100720 -5.5
v 2.5 3.353720 -4.5
v 2.5 3.024125 -3.5
v 2.5 3.251073 -2.5
v 2.5 3.094958 -1.5
v 2.5 3.519939 -0.5
v 2.5 3.533736 0.5
v 2.5 3.597598 1.5
v 2.5 3.475866 2.5
v 2.5 3.489141 3.5
v 2.5 3.842924 4.5
v 2.5 4.258382 5.5
v 2.5 4.835176 6.5
v 2.5 5.090820 7.5
v 2.5 5.184943 8.5
v 2.5 4.761787 9.5
v 2.5 4.230086 10.5
v 2.5 3.577552 11.5
v 2.5 3.340252 12.5
v 2.5 3.328641 13.5
v 2.5 3.640613 14.5
v 2.5 3.738073 15.5
v 2.5 3.756386 16.5
v 2.5 3.346086 17.5
v 2.5 3.031803 18.5
v 2.5 2.640627 19.5
v 2.5 2.582884 20.5
v 2.5 2.547466 21.5
v 2.5 2.562504 22.5
v 2.5 2.475961 23.5
v 2.5 2.345148 24.5
v 3.5 3.101288 -24.5
v 3.5 3.189799 -23.5
v 3.5 3.391682 -22.5
v 3.5 3.629020 -21.5
v 3.5 3.801607 -20.5
v 3.5 3.838755 -19.5
v 3.5 3.620513 -18.5
v 3.5 3.401170 -17.5
v 3.5 3.193314 -16.5
v 3.5 3.324824 -15.5
v 3.5 3.683544 -14.5
v 3.5 4.200412 -13.5
v 3.5 4.571028 -12.5
v 3.5 4.594799 -11.5
v 3.5 4.314497 -10.5
v 3.5 3.811374 -9.5
v 3.5 3.455084 -8.5
v 3.5 3.114300 -7.5
v 3.5 3.225138 -6.5
v 3.5 3.123973 -5.5
v 3.5 3.372886 -4.5
v 3.5 3.112040 -3.5
v 3.5 3.242399 -2.5
v 3.5 3.141154 -1.5
v 3.5 3.482776 -0.5
v 3.5 3.760884 0.5
v 3.5 3.946398 1.5
v 3.5 4.038623 2.5
v 3.5 4.024529 3.5
v 3.5 4.318078 4.5
v 3.5 4.671263 5.5
v 3.5 5.045425 6.5
v 3.5 5.131741 7.5
v 3.5 4.938835 8.5
v 3.5 4.511668 9.5
v 3.5 3.996558 10.5
v 3.5 3.556940 11.5
v 3.5 3.443218 12.5
v 3.5 3.438919 13.5
v 3.5 3.726093 14.5
v 3.5 3.663684 15.5
v 3.5 3.740759 16.5
v 3.5 3.420118 17.5
v 3.5 3.300365 18.5
v 3.5 3.026904 19.5
v 3.5 2.956636 20.5
v 3.5 2.954704 21.5
v 3.5 2.976133 22.5
v 3.5 3.084012 23.5
v 3.5 3.132643 24.5
v 4.5 3.367288 -24.5
v 4.5 3.401541 -23.5
v 4.5 3.636600 -22.5
v 4.5 3.879009 -21.5
v 4.5 4.112719 -20.5
v 4.5 4.089994 -19.5
v 4.5 3.858670 -18.5
v 4.5 3.433582 -17.5
v 4.5 3.116335 -16.5
v 4.5 3.117149 -15.5
v 4.5 3.470073 -14.5
v 4.5 4.020697 -13.5
v 4.5 4.265742 -12.5
v 4.5 4.229994 -11.5
v 4.5 3.676785 -10.5
v 4.5 3.173990 -9.5
v 4.5 2.742496 -8.5
v 4.5 2.654416 -7.5
v 4.5 2.899451 -6.5
v 4.5 3.144769 -5.5
v 4.5 3.538970 -4.5
v 4.5 3.534863 -3.5
v 4.5 3.662202 -2.5
v 4.5 3.734378 -1.5
v 4.5 4.002560 -0.5
v 4.5 4.310102 0.5
v 4.5 4.312966 1.5
v 4.5 4.347389 2.5
v 4.5 4.250597 3.5
v 4.5 4.443599 4.5
v 4.5 4.689066 5.5
v 4.5 4.872412 6.5
v 4.5 4.939611 7.5
v 4.5 4.682260 8.5
v 4.5 4.387707 9.5
v 4.5 3.931261 10.5
v 4.5 3.638895 11.5
v 4.5 3.518433 12.5
v 4.5 3.443388 13.5
v 4.5 3.591108 14.5
v 4.5 3.390318 15.5
v 4.5 3.440311 16.5
v 4.5 3.217196 17.5
v 4.5 3.280040 18.5
v 4.5 3.241230 19.5
v 4.5 3.242555 20.5
v 4.5 3.263792 21.5
v 4.5 3.145929 22.5
v 4.5 3.113501 23.5
v 4.5 2.935848 24.5
v 5.5 3.454832 -24.5
v 5.5 3.462546 -23.5
v 5.5 3.591052 -22.5
v 5.5 3.764600 -21.5
v 5.5 4.026422 -20.5
v 5.5 4.017699 -19.5
v 5.5 3.739814 -18.5
v 5.5 3.170679 -17.5
v 5.5 2.758156 -16.5
v 5.5 2.704822 -15.5
v 5.5 3.112628 -14.5
v 5.5 3.761848 -13.5
v 5.5 4.047540 -12.5
v 5.5 4.022938 -11.5
v 5.5 3.396969 -10.5
v 5.5 2.957205 -9.5
v 5.5 2.595204 -8.5
v 5.5 2.778771 -7.5
v 5.5 3.179734 -6.5
v 5.5 3.621131 -5.5
v 5.5 4.002122 -4.5
v 5.5 4.038923 -3.5
v 5.5 4.108423 -2.5
v 5.5 4.115929 -1.5
v 5.5 4.291645 -0.5
v 5.5 4.576110 0.5
v 5.5 4.578428 1.5
v 5.5 4.533205 2.5
v 5.5 4.215069 3.5
v 5.5 4.092578 4.5
v 5.5 4.095229 5.5
v 5.5 4.094668 6.5
v 5.5 4.149252 7.5
v 5.5 3.909227 8.5
v 5.5 3.787906 9.5
v 5.5 3.521283 10.5
v 5.5 3.475186 11.5
v 5.5 3.463552 12.5
v 5.5 3.388485 13.5
v 5.5 3.310763 14.5
v 5.5 2.968376 15.5
v 5.5 2.922277 16.5
v 5.5 2.894518 17.5
v 5.5 3.154662 18.5
v 5.5 3.338537 19.5
v 5.5 3.359361 20.5
v 5.5 3.348167 21.5
v 5.5 3.223833 22.5
v 5.5 3.299644 23.5
v 5.5 3.317537 24.5
v 6.5 3.590881 -24.5
v 6.5 3.595386 -23.5
v 6.5 3.714616 -22.5
v 6.5 3.885233 -21.5
v 6.5 4.066704 -20.5
v 6.5 3.928889 -19.5
v 6.5 3.504849 -18.5
v 6.5 2.839544 -17.5
v 6.5 2.389639 -16.5
v 6.5 2.394891 -15.5
v 6.5 2.858979 -14.5
v 6.5 3.507605 -13.5
v 6.5 3.798586 -12.5
v 6.5 3.696195 -11.5
v 6.5 3.091625 -10.5
v 6.5 2.584797 -9.5
v 6.5 2.301220 -8.5
v 6.5 2.587903 -7.5
v 6.5 3.229044 -6.5
v 6.5 3.953879 -5.5
v 6.5 4.622924 -4.5
v 6.5 4.846926 -3.5
v 6.5 5.054586 -2.5
v 6.5 5.044417 -1.5
v 6.5 5.154314 -0.5
v 6.5 5.158591 0.5
v 6.5 4.892771 1.5
v 6.5 4.557587 2.5
v 6.5 4.011065 3.5
v 6.5 3.657332 4.5
v 6.5 3.423629 5.5
v 6.5 3.269273 6.5
v 6.5 3.320300 7.5
v 6.5 3.237071 8.5
v 6.5 3.340132 9.5
v 6.5 3.338036 10.5
v 6.5 3.440631 11.5
v 6.5 3.465366 12.5
v 6.5 3.337999 13.5
v 6.5 3.049540 14.5
v 6.5 2.617996 15.5
v 6.5 2.347889 16.5
v 6.5 2.373496 17.5
v 6.5 2.664896 18.5
v 6.5 3.053852 19.5
v 6.5 3.228485 20.5
v 6.5 3.277497 21.5
v 6.5 3.148243 22.5
v 6.5 3.059621 23.5
v 6.5 2.953743 24.5
v 7.5 3.077344 -24.5
v 7.5 3.102615 -23.5
v 7.5 3.209404 -22.5
v 7.5 3.422605 -21.5
v 7.5 3.636467 -20.5
v 7.5 3.498982 -19.5
v 7.5 2.948106 -18.5
v 7.5 2.229871 -17.5
v 7.5 1.793345 -16.5
v 7.5 1.993538 -15.5
v 7.5 2.633933 -14.5
v 7.5 3.476287 -13.5
v 7.5 3.937799 -12.5
v 7.5 3.886077 -11.5
v 7.5 3.364709 -10.5
v 7.5 2.738323 -9.5
v 7.5 2.526057 -8.5
v 7.5 2.800694 -7.5
v 7.5 3.605608 -6.5
v 7.5 4.323032 -5.5
v 7.5 4.992145 -4.5
v 7.5 5.191374 -3.5
v 7.5 5.450882 -2.5
v 7.5 5.468684 -1.5
v 7.5 5.554366 -0.5
v 7.5 5.445588 0.5
v 7.5 5.080107 1.5
v 7.5 4.561100 2.5
v 7.5 3.783599 3.5
v 7.5 3.160495 4.5
v 7.5 2.725864 5.5
v 7.5 2.566610 6.5
v 7.5 2.657699 7.5
v 7.5 2.731961 8.5
v 7.5 2.872783 9.5
v 7.5 2.985921 10.5
v 7.5 3.124825 11.5
v 7.5 3.221850 12.5
v 7.5 3.187894 13.5
v 7.5 2.878644 14.5
v 7.5 2.571445 15.5
v 7.5 2.203794 16.5
v 7.5 2.317398 17.5
v 7.5 2.529691 18.5
v 7.5 2.924954 19.5
v 7.5 3.043573 20.5
v 7.5 2.986644 21.5
v 7.5 2.852723 22.5
v 7.5 2.763831 23.5
v 7.5 2.776229 24.5
v 8.5 2.381318 -24.5
v 8.5 2.438058 -23.5
v 8.5 2.666756 -22.5
v 8.5 2.959339 -21.5
v 8.5 3.080643 -20.5
v 8.5 2.834208 -19.5
v 8.5 2.197235 -18.5
v 8.5 1.669553 -17.5
v 8.5 1.438088 -16.5
v 8.5 1.902919 -15.5
v 8.5 2.562959 -14.5
v 8.5 3.396460 -13.5
v 8.5 3.820486 -12.5
v 8.5 3.845967 -11.5
v 8.5 3.435045 -10.5
v 8.5 2.771863 -9.5
v 8.5 2.512032 -8.5
v 8.5 2.679423 -7.5
v 8.5 3.593601 -6.5
v 8.5 4.476263 -5.5
v 8.5 5.348554 -4.5
v 8.5 5.721402 -3.5
v 8.5 6.036152 -2.5
v 8.5 6.124143 -1.5
v 8.5 6.135722 -0.5
v 8.5 5.883226 0.5
v 8.5 5.301263 1.5
v 8.5 4.592415 2.5
v 8.5 3.735408 3.5
v 8.5 3.090221 4.5
v 8.5 2.591245 5.5
v 8.5 2.402590 6.5
v 8.5 2.395485 7.5
v 8.5 2.539754 8.5
v 8.5 2.702737 9.5
v 8.5 2.922848 10.5
v 8.5 3.110086 11.5
v 8.5 3.193657 12.5
v 8.5 3.195960 13.5
v 8.5 2.790357 14.5
v 8.5 2.521826 15.5
v 8.5 2.018884 16.5
v 8.5 2.110185 17.5
v 8.5 2.245501 18.5
v 8.5 2.716429 19.5
v 8.5 2.948358 20.5
v 8.5 2.949169 21.5
v 8.5 2.778636 22.5
v 8.5 2.491165 23.5
v 8.5 2.408779 24.5
v 9.5 1.138533 -24.5
v 9.5 1.293570 -23.5
v 9.5 1.683330 -22.5
v 9.5 2.166763 -21.5
v 9.5 2.435478 -20.5
v 9.5 2.306698 -19.5
v 9.5 1.703326 -18.5
v 9.5 1.338329 -17.5
v 9.5 1.271147 -16.5
v 9.5 1.989754 -15.5
v 9.5 2.734942 -14.5
v 9.5 3.632938 -13.5
v 9.5 4.066813 -12.5
v 9.5 4.162353 -11.5
v 9.5 3.770697 -10.5
v 9.5 3.085866 -9.5
v 9.5 2.711354 -8.5
v 9.5 2.778450 -7.5
v 9.5 3.567511 -6.5
v 9.5 4.371840 -5.5
v 9.5 5.108937 -4.5
v 9.5 5.457952 -3.5
v 9.5 5.742252 -2.5
v 9.5 5.938949 -1.5
v 9.5 5.982872 -0.5
v 9.5 5.796919 0.5
v 9.5 5.251573 1.5
v 9.5 4.614287 2.5
v 9.5 3.787919 3.5
v 9.5 3.224515 4.5
v 9.5 2.767237 5.5
v 9.5 2.682700 6.5
v 9.5 2.637012 7.5
v 9.5 2.674088 8.5
v 9.5 2.692243 9.5
v 9.5 2.773136 10.5
v 9.5 2.931144 11.5
v 9.5 2.947552 12.5
v 9.5 2.999907 13.5
v 9.5 2.672386 14.5
v 9.5 2.546396 15.5
v 9.5 2.166886 16.5
v 9.5 2.277854 17.5
v 9.5 2.388232 18.5
v 9.5 2.762448 19.5
v 9.5 2.916780 20.5
v 9.5 2.784181 21.5
v 9.5 2.506091 22.5
v 9.5 2.126840 23.5
v 9.5 2.030354 24.5
v 10.5 0.521398 -24.5
v 10.5 0.696656 -23.5
v 10.5 1.214939 -22.5
v 10.5 1.746515 -21.5
v 10.5 1.953777 -20.5
v 10.5 1.783407 -19.5
v 10.5 1.334007 -18.5
v 10.5 1.286949 -17.5
v 10.5 1.546675 -16.5
v 10.5 2.369364 -15.5
v 10.5 3.049610 -14.5
v 10.5 3.709724 -13.5
v 10.5 4.017141 -12.5
v 10.5 4.089589 -11.5
v 10.5 3.821103 -10.5
v 10.5 3.235303 -9.5
v 10.5 2.783135 -8.5
v 10.5 2.694180 -7.5
v 10.5 3.238847 -6.5
v 10.5 3.995928 -5.5
v 10.5 4.725430 -4.5
v 10.5 5.185832 -3.5
v 10.5 5.432259 -2.5
v 10.5 5.559740 -1.5
v 10.5 5.450169 -0.5
v 10.5 5.187768 0.5
v 10.5 4.610858 1.5
v 10.5 4.120973 2.5
v 10.5 3.546747 3.5
v 10.5 3.370791 4.5
v 10.5 3.133016 5.5
v 10.5 3.131320 6.5
v 10.5 3.003543 7.5
v 10.5 2.886125 8.5
v 10.5 2.847291 9.5
v 10.5 2.799528 10.5
v 10.5 2.947369 11.5
v 10.5 2.914892 12.5
v 10.5 2.883633 13.5
v 10.5 2.524139 14.5
v 10.5 2.245911 15.5
v 10.5 1.911243 16.5
v 10.5 1.955263 17.5
v 10.5 2.205501 18.5
v 10.5 2.632198 19.5
v 10.5 2.967057 20.5
v 10.5 2.864633 21.5
v 10.5 2.588169 22.5
v 10.5 2.035746 23.5
v 10.5 1.872594 24.5
v 11.5 0.000000 -24.5
v 11.5 0.263166 -23.5
v 11.5 0.894301 -22.5
v 11.5 1.499839 -21.5
v 11.5 1.864818 -20.5
v 11.5 1.808485 -19.5
v 11.5 1.569256 -18.5
v 11.5 1.605854 -17.5
v 11.5 2.076022 -16.5
v 11.5 2.876893 -15.5
v 11.5 3.611263 -14.5
v 11.5 4.011368 -13.5
v 11.5 4.190289 -12.5
v 11.5 4.066331 -11.5
v 11.5 3.870179 -10.5
v 11.5 3.422159 -9.5
v 11.5 3.056938 -8.5
v 11.5 2.853614 -7.5
v 11.5 3.012563 -6.5
v 11.5 3.428334 -5.5
v 11.5 3.822667 -4.5
v 11.5 4.199003 -3.5
v 11.5 4.392280 -2.5
v 11.5 4.579511 -1.5
v 11.5 4.496230 -0.5
v 11.5 4.300337 0.5
v 11.5 3.852316 1.5
v 11.5 3.621897 2.5
v 11.5 3.345725 3.5
v 11.5 3.490548 4.5
v 11.5 3.467497 5.5
v 11.5 3.608885 6.5
v 11.5 3.482279 7.5
v 11.5 3.242892 8.5
v 11.5 3.054689 9.5
v 11.5 2.809054 10.5
v 11.5 2.814654 11.5
v 11.5 2.658748 12.5
v 11.5 2.538346 13.5
v 11.5 2.284228 14.5
v 11.5 2.084248 15.5
v 11.5 1.982413 16.5
v 11.5 2.029241 17.5
v 11.5 2.310552 18.5
v 11.5 2.549127 19.5
v 11.5 2.841868 20.5
v 11.5 2.609476 21.5
v 11.5 2.410543 22.5
v 11.5 1.897325 23.5
v 11.5 1.852874 24.5
v 12.5 0.561792 -24.5
v 12.5 0.721480 -23.5
v 12.5 1.323955 -22.5
v 12.5 1.714340 -21.5
v 12.5 1.962740 -20.5
v 12.5 1.759945 -19.5
v 12.5 1.693669 -18.5
v 12.5 1.816437 -17.5
v 12.5 2.491504 -16.5
v 12.5 3.219677 -15.5
v 12.5 3.985713 -14.5
v 12.5 4.158534 -13.5
v 12.5 4.175627 -12.5
v 12.5 3.821780 -11.5
v 12.5 3.663929 -10.5
v 12.5 3.378604 -9.5
v 12.5 3.153126 -8.5
v 12.5 2.910549 -7.5
v 12.5 2.743788 -6.5
v 12.5 2.883115 -5.5
v 12.5 3.082892 -4.5
v 12.5 3.514445 -3.5
v 12.5 3.716890 -2.5
v 12.5 3.846534 -1.5
v 12.5 3.591872 -0.5
v 12.5 3.283178 0.5
v 12.5 2.850231 1.5
v 12.5 2.824824 2.5
v 12.5 2.910381 3.5
v 12.5 3.438834 4.5
v 12.5 3.694944 5.5
v 12.5 3.972167 6.5
v 12.5 3.852421 7.5
v 12.5 3.633670 8.5
v 12.5 3.379364 9.5
v 12.5 3.023693 10.5
v 12.5 2.884748 11.5
v 12.5 2.646744 12.5
v 12.5 2.553374 13.5
v 12.5 2.318170 14.5
v 12.5 2.134999 15.5
v 12.5 1.993119 16.5
v 12.5 1.995366 17.5
v 12.5 2.246055 18.5
v 12.5 2.420612 19.5
v 12.5 2.737851 20.5
v 12.5 2.565970 21.5
v 12.5 2.527066 22.5
v 12.5 2.079030 23.5
v 12.5 2.044096 24.5
v 13.5 1.107803 -24.5
v 13.5 1.217357 -23.5
v 13.5 1.718014 -22.5
v 13.5 1.924616 -21.5
v 13.5 2.198990 -20.5
v 13.5 2.006381 -19.5
v 13.5 2.044787 -18.5
v 13.5 2.115250 -17.5
v 13.5 2.785203 -16.5
v 13.5 3.507957 -15.5
v 13.5 4.280050 -14.5
v 13.5 4.387969 -13.5
v 13.5 4.209409 -12.5
v 13.5 3.649879 -11.5
v 13.5 3.429229 -10.5
v 13.5 3.347231 -9.5
v 13.5 3.389600 -8.5
v 13.5 3.247894 -7.5
v 13.5 2.884681 -6.5
v 13.5 2.656651 -5.5
v 13.5 2.552671 -4.5
v 13.5 2.804580 -3.5
v 13.5 3.052756 -2.5
v 13.5 3.330484 -1.5
v 13.5 3.219682 -0.5
v 13.5 3.036546 0.5
v 13.5 2.681044 1.5
v 13.5 2.778782 2.5
v 13.5 3.037615 3.5
v 13.5 3.652637 4.5
v 13.5 3.987791 5.5
v 13.5 4.262842 6.5
v 13.5 4.191400 7.5
v 13.5 4.010911 8.5
v 13.5 3.672086 9.5
v 13.5 3.187095 10.5
v 13.5 2.872605 11.5
v 13.5 2.523253 12.5
v 13.5 2.521464 13.5
v 13.5 2.417334 14.5
v 13.5 2.524761 15.5
v 13.5 2.468323 16.5
v 13.5 2.497883 17.5
v 13.5 2.501403 18.5
v 13.5 2.488189 19.5
v 13.5 2.590679 20.5
v 13.5 2.490686 21.5
v 13.5 2.590848 22.5
v 13.5 2.506938 23.5
v 13.5 2.636988 24.5
v 14.5 2.152755 -24.5
v 14.5 2.132264 -23.5
v 14.5 2.344732 -22.5
v 14.5 2.254763 -21.5
v 14.5 2.248714 -20.5
v 14.5 1.929317 -19.5
v 14.5 1.875158 -18.5
v 14.5 1.946493 -17.5
v 14.5 2.501264 -16.5
v 14.5 3.314957 -15.5
v 14.5 4.105469 -14.5
v 14.5 4.388234 -13.5
v 14.5 4.089651 -12.5
v 14.5 3.433405 -11.5
v 14.5 3.098101 -10.5
v 14.5 3.055773 -9.5
v 14.5 3.307390 -8.5
v 14.5 3.288825 -7.5
v 14.5 3.124952 -6.5
v 14.5 2.809011 -5.5
v 14.5 2.790263 -4.5
v 14.5 2.950466 -3.5
v 14.5 3.233526 -2.5
v 14.5 3.395874 -1.5
v 14.5 3.179092 -0.5
v 14.5 2.952763 0.5
v 14.5 2.623273 1.5
v 14.5 2.840789 2.5
v 14.5 3.259359 3.5
v 14.5 3.888038 4.5
v 14.5 4.290770 5.5
v 14.5 4.446332 6.5
v 14.5 4.388933 7.5
v 14.5 4.187996 8.5
v 14.5 3.848334 9.5
v 14.5 3.318834 10.5
v 14.5 2.903797 11.5
v 14.5 2.575431 12.5
v 14.5 2.720527 13.5
v 14.5 2.801292 14.5
v 14.5 3.054841 15.5
v 14.5 2.988844 16.5
v 14.5 3.008277 17.5
v 14.5 2.872948 18.5
v 14.5 2.836627 19.5
v 14.5 2.790287 20.5
v 14.5 2.844302 21.5
v 14.5 2.946405 22.5
v 14.5 3.031402 23.5
v 14.5 3.038221 24.5
v 15.5 2.792816 -24.5
v 15.5 2.718219 -23.5
v 15.5 2.589238 -22.5
v 15.5 2.347653 -21.5
v 15.5 2.150802 -20.5
v 15.5 1.959368 -19.5
v 15.5 1.832445 -18.5
v 15.5 1.989355 -17.5
v 15.5 2.362288 -16.5
v 15.5 3.260648 -15.5
v 15.5 3.924754 -14.5
v 15.5 4.329642 -13.5
v 15.5 3.936907 -12.5
v 15.5 3.265340 -11.5
v 15.5 2.876068 -10.5
v 15.5 2.845961 -9.5
v 15.5 3.410458 -8.5
v 15.5 3.523200 -7.5
v 15.5 3.713446 -6.5
v 15.5 3.325429 -5.5
v 15.5 3.364872 -4.5
v 15.5 3.221877 -3.5
v 15.5 3.367901 -2.5
v 15.5 3.390230 -1.5
v 15.5 3.256958 -0.5
v 15.5 3.185014 0.5
v 15.5 3.018971 1.5
v 15.5 3.288474 2.5
v 15.5 3.681799 3.5
v 15.5 4.106391 4.5
v 15.5 4.381891 5.5
v 15.5 4.346816 6.5
v 15.5 4.303677 7.5
v 15.5 4.078511 8.5
v 15.5 3.710990 9.5
v 15.5 3.132045 10.5
v 15.5 2.638766 11.5
v 15.5 2.388298 12.5
v 15.5 2.586394 13.5
v 15.5 2.907923 14.5
v 15.5 3.315097 15.5
v 15.5 3.491072 16.5
v 15.5 3.597916 17.5
v 15.5 3.498303 18.5
v 15.5 3.434184 19.5
v 15.5 3.238640 20.5
v 15.5 3.252549 21.5
v 15.5 3.246029 22.5
v 15.5 3.476432 23.5
v 15.5 3.527534 24.5
v 16.5 3.389862 -24.5
v 16.5 3.260472 -23.5
v 16.5 2.832363 -22.5
v 16.5 2.464904 -21.5
v 16.5 2.000399 -20.5
v 16.5 1.847858 -19.5
v 16.5 1.561540 -18.5
v 16.5 1.832211 -17.5
v 16.5 2.049683 -16.5
v 16.5 3.010711 -15.5
v 16.5 3.537551 -14.5
v 16.5 3.996139 -13.5
v 16.5 3.532855 -12.5
v 16.5 2.891351 -11.5
v 16.5 2.512782 -10.5
v 16.5 2.437490 -9.5
v 16.5 3.130089 -8.5
v 16.5 3.354562 -7.5
v 16.5 4.014248 -6.5
v 16.5 3.879029 -5.5
v 16.5 4.173476 -4.5
v 16.5 3.913507 -3.5
v 16.5 3.843388 -2.5
v 16.5 3.519722 -1.5
v 16.5 3.203559 -0.5
v 16.5 3.076914 0.5
v 16.5 3.075624 1.5
v 16.5 3.414653 2.5
v 16.5 3.829881 3.5
v 16.5 4.119815 4.5
v 16.5 4.270175 5.5
v 16.5 4.155540 6.5
v 16.5 4.076696 7.5
v 16.5 3.851635 8.5
v 16.5 3.487199 9.5
v 16.5 2.942962 10.5
v 16.5 2.436138 11.5
v 16.5 2.268612 12.5
v 16.5 2.467344 13.5
v 16.5 2.966881 14.5
v 16.5 3.419333 15.5
v 16.5 3.873604 16.5
v 16.5 4.118412 17.5
v 16.5 4.255820 18.5
v 16.5 4.159919 19.5
v 16.5 3.830238 20.5
v 16.5 3.572652 21.5
v 16.5 3.260346 22.5
v 16.5 3.258608 23.5
v 16.5 3.117295 24.5
v 17.5 3.497438 -24.5
v 17.5 3.370886 -23.5
v 17.5 2.816370 -22.5
v 17.5 2.458993 -21.5
v 17.5 1.913755 -20.5
v 17.5 1.927840 -19.5
v 17.5 1.652934 -18.5
v 17.5 2.080801 -17.5
v 17.5 2.227345 -16.5
v 17.5 3.114955 -15.5
v 17.5 3.408105 -14.5
v 17.5 3.722316 -13.5
v 17.5 3.180079 -12.5
v 17.5 2.570491 -11.5
v 17.5 2.163982 -10.5
v 17.5 2.132434 -9.5
v 17.5 2.913774 -8.5
v 17.5 3.355979 -7.5
v 17.5 4.248950 -6.5
v 17.5 4.317916 -5.5
v 17.5 4.626097 -4.5
v 17.5 4.169679 -3.5
v 17.5 3.736542 -2.5
v 17.5 3.125435 -1.5
v 17.5 2.799351 -0.5
v 17.5 2.811289 0.5
v 17.5 3.114982 1.5
v 17.5 3.513018 2.5
v 17.5 3.864118 3.5
v 17.5 3.930827 4.5
v 17.5 3.864772 5.5
v 17.5 3.712385 6.5
v 17.5 3.617851 7.5
v 17.5 3.465177 8.5
v 17.5 3.142841 9.5
v 17.5 2.672096 10.5
v 17.5 2.273305 11.5
v 17.5 2.194781 12.5
v 17.5 2.401337 13.5
v 17.5 2.923191 14.5
v 17.5 3.355545 15.5
v 17.5 3.981533 16.5
v 17.5 4.335213 17.5
v 17.5 4.693377 18.5
v 17.5 4.567617 19.5
v 17.5 4.131878 20.5
v 17.5 3.541981 21.5
v 17.5 2.915355 22.5
v 17.5 2.669434 23.5
v 17.5 2.504162 24.5
v 18.5 3.409799 -24.5
v 18.5 3.314646 -23.5
v 18.5 2.840903 -22.5
v 18.5 2.629380 -21.5
v 18.5 2.128282 -20.5
v 18.5 2.177855 -19.5
v 18.5 1.866939 -18.5
v 18.5 2.313214 -17.5
v 18.5 2.466666 -16.5
v 18.5 3.241326 -15.5
v 18.5 3.356663 -14.5
v 18.5 3.413319 -13.5
v 18.5 2.716762 -12.5
v 18.5 2.102772 -11.5
v 18.5 1.704616 -10.5
v 18.5 1.732095 -9.5
v 18.5 2.382299 -8.5
v 18.5 2.955207 -7.5
v 18.5 3.928250 -6.5
v 18.5 4.301839 -5.5
v 18.5 4.715434 -4.5
v 18.5 4.400560 -3.5
v 18.5 3.929928 -2.5
v 18.5 3.247997 -1.5
v 18.5 2.848870 -0.5
v 18.5 2.853993 0.5
v 18.5 3.254797 1.5
v 18.5 3.680150 2.5
v 18.5 3.960514 3.5
v 18.5 3.913238 4.5
v 18.5 3.713703 5.5
v 18.5 3.551507 6.5
v 18.5 3.441131 7.5
v 18.5 3.335832 8.5
v 18.5 3.086134 9.5
v 18.5 2.695438 10.5
v 18.5 2.404547 11.5
v 18.5 2.296480 12.5
v 18.5 2.427608 13.5
v 18.5 2.820200 14.5
v 18.5 3.223101 15.5
v 18.5 3.916950 16.5
v 18.5 4.373192 17.5
v 18.5 4.777332 18.5
v 18.5 4.562552 19.5
v 18.5 3.919538 20.5
v 18.5 3.008620 21.5
v 18.5 2.113132 22.5
v 18.5 1.639710 23.5
v 18.5 1.390444 24.5
v 19.5 3.219746 -24.5
v 19.5 3.180000 -23.5
v 19.5 2.844014 -22.5
v 19.5 2.727389 -21.5
v 19.5 2.338554 -20.5
v 19.5 2.412234 -19.5
v 19.5 2.218674 -18.5
v 19.5 2.685445 -17.5
v 19.5 2.914728 -16.5
v 19.5 3.553764 -15.5
v 19.5 3.545115 -14.5
v 19.5 3.418903 -13.5
v 19.5 2.701232 -12.5
v 19.5 2.030197 -11.5
v 19.5 1.533269 -10.5
v 19.5 1.482209 -9.5
v 19.5 1.999978 -8.5
v 19.5 2.599557 -7.5
v 19.5 3.465281 -6.5
v 19.5 3.941633 -5.5
v 19.5 4.352151 -4.5
v 19.5 4.139423 -3.5
v 19.5 3.672739 -2.5
v 19.5 3.075627 -1.5
v 19.5 2.754530 -0.5
v 19.5 2.950543 0.5
v 19.5 3.432651 1.5
v 19.5 3.988052 2.5
v 19.5 4.164248 3.5
v 19.5 4.035115 4.5
v 19.5 3.602619 5.5
v 19.5 3.317090 6.5
v 19.5 3.086762 7.5
v 19.5 2.994553 8.5
v 19.5 2.843575 9.5
v 19.5 2.644427 10.5
v 19.5 2.524549 11.5
v 19.5 2.495688 12.5
v 19.5 2.586493 13.5
v 19.5 2.839165 14.5
v 19.5 3.089501 15.5
v 19.5 3.562075 16.5
v 19.5 3.912745 17.5
v 19.5 4.180922 18.5
v 19.5 3.999007 19.5
v 19.5 3.369477 20.5
v 19.5 2.519779 21.5
v 19.5 1.583674 22.5
v 19.5 1.009199 23.5
v 19.5 0.729970 24.5
v 20.5 2.976642 -24.5
v 20.5 3.009481 -23.5
v 20.5 2.841534 -22.5
v 20.5 2.884099 -21.5
v 20.5 2.677530 -20.5
v 20.5 2.744323 -19.5
v 20.5 2.635150 -18.5
v 20.5 3.050879 -17.5
v 20.5 3.370139 -16.5
v 20.5 3.951631 -15.5
v 20.5 3.933378 -14.5
v 20.5 3.632543 -13.5
v 20.5 2.845965 -12.5
v 20.5 2.111904 -11.5
v 20.5 1.649374 -10.5
v 20.5 1.502497 -9.5
v 20.5 1.797522 -8.5
v 20.5 2.189158 -7.5
v 20.5 2.819389 -6.5
v 20.5 3.288425 -5.5
v 20.5 3.803447 -4.5
v 20.5 3.981683 -3.5
v 20.5 3.931618 -2.5
v 20.5 3.662310 -1.5
v 20.5 3.397957 -0.5
v 20.5 3.566372 0.5
v 20.5 3.880380 1.5
v 20.5 4.443546 2.5
v 20.5 4.501885 3.5
v 20.5 4.409776 4.5
v 20.5 3.826716 5.5
v 20.5 3.485897 6.5
v 20.5 3.095625 7.5
v 20.5 2.995009 8.5
v 20.5 2.787672 9.5
v 20.5 2.645048 10.5
v 20.5 2.435281 11.5
v 20.5 2.341563 12.5
v 20.5 2.284173 13.5
v 20.5 2.450354 14.5
v 20.5 2.690390 15.5
v 20.5 3.101353 16.5
v 20.5 3.405338 17.5
v 20.5 3.500519 18.5
v 20.5 3.337662 19.5
v 20.5 2.721918 20.5
v 20.5 2.031751 21.5
v 20.5 1.169157 22.5
v 20.5 0.692550 23.5
v 20.5 0.427856 24.5
v 21.5 3.045345 -24.5
v 21.5 3.052681 -23.5
v 21.5 2.827914 -22.5
v 21.5 2.821193 -21.5
v 21.5 2.609959 -20.5
v 21.5 2.673844 -19.5
v 21.5 2.693938 -18.5
v 21.5 3.149729 -17.5
v 21.5 3.614267 -16.5
v 21.5 4.174144 -15.5
v 21.5 4.240833 -14.5
v 21.5 3.995941 -13.5
v 21.5 3.381648 -12.5
v 21.5 2.732973 -11.5
v 21.5 2.235875 -10.5
v 21.5 1.973944 -9.5
v 21.5 1.980862 -8.5
v 21.5 2.113451 -7.5
v 21.5 2.374127 -6.5
v 21.5 2.729131 -5.5
v 21.5 3.175776 -4.5
v 21.5 3.503542 -3.5
v 21.5 3.667978 -2.5
v 21.5 3.596034 -1.5
v 21.5 3.530863 -0.5
v 21.5 3.718269 0.5
v 21.5 4.038855 1.5
v 21.5 4.604508 2.5
v 21.5 4.673358 3.5
v 21.5 4.639078 4.5
v 21.5 3.929169 5.5
v 21.5 3.471950 6.5
v 21.5 2.848206 7.5
v 21.5 2.748490 8.5
v 21.5 2.539687 9.5
v 21.5 2.520408 10.5
v 21.5 2.273526 11.5
v 21.5 2.130985 12.5
v 21.5 2.036894 13.5
v 21.5 2.220906 14.5
v 21.5 2.523147 15.5
v 21.5 2.820851 16.5
v 21.5 3.018476 17.5
v 21.5 2.970102 18.5
v 21.5 2.913839 19.5
v 21.5 2.540830 20.5
v 21.5 2.237882 21.5
v 21.5 1.605655 22.5
v 21.5 1.226793 23.5
v 21.5 0.938241 24.5
v 22.5 2.772256 -24.5
v 22.5 2.849011 -23.5
v 22.5 2.640524 -22.5
v 22.5 2.672272 -21.5
v 22.5 2.561689 -20.5
v 22.5 2.672693 -19.5
v 22.5 2.813655 -18.5
v 22.5 3.237890 -17.5
v 22.5 3.813928 -16.5
v 22.5 4.373047 -15.5
v 22.5 4.562882 -14.5
v 22.5 4.350996 -13.5
v 22.5 3.791827 -12.5
v 22.5 3.324202 -11.5
v 22.5 2.903681 -10.5
v 22.5 2.798224 -9.5
v 22.5 2.561121 -8.5
v 22.5 2.543737 -7.5
v 22.5 2.366770 -6.5
v 22.5 2.556405 -5.5
v 22.5 2.876560 -4.5
v 22.5 3.369384 -3.5
v 22.5 3.806717 -2.5
v 22.5 3.882288 -1.5
v 22.5 3.961620 -0.5
v 22.5 3.989325 0.5
v 22.5 4.275405 1.5
v 22.5 4.734162 2.5
v 22.5 4.833423 3.5
v 22.5 4.835844 4.5
v 22.5 4.088490 5.5
v 22.5 3.651707 6.5
v 22.5 2.984999 7.5
v 22.5 2.893786 8.5
v 22.5 2.588178 9.5
v 22.5 2.378698 10.5
v 22.5 1.908631 11.5
v 22.5 1.555371 12.5
v 22.5 1.501142 13.5
v 22.5 1.779314 14.5
v 22.5 2.373650 15.5
v 22.5 2.752989 16.5
v 22.5 3.001611 17.5
v 22.5 2.845711 18.5
v 22.5 2.807581 19.5
v 22.5 2.610010 20.5
v 22.5 2.485342 21.5
v 22.5 2.078449 22.5
v 22.5 1.743810 23.5
v 22.5 1.482504 24.5
v 23.5 2.898155 -24.5
v 23.5 2.817048 -23.5
v 23.5 2.550829 -22.5
v 23.5 2.424374 -21.5
v 23.5 2.328090 -20.5
v 23.5 2.332064 -19.5
v 23.5 2.612940 -18.5
v 23.5 2.978803 -17.5
v 23.5 3.706561 -16.5
v 23.5 4.228343 -15.5
v 23.5 4.568536 -14.5
v 23.5 4.514392 -13.5
v 23.5 4.141224 -12.5
v 23.5 3.982730 -11.5
v 23.5 3.565520 -10.5
v 23.5 3.620574 -9.5
v 23.5 3.113943 -8.5
v 23.5 3.027226 -7.5
v 23.5 2.511655 -6.5
v 23.5 2.591111 -5.5
v 23.5 2.693973 -4.5
v 23.5 3.062814 -3.5
v 23.5 3.480457 -2.5
v 23.5 3.567028 -1.5
v 23.5 3.799289 -0.5
v 23.5 3.857373 0.5
v 23.5 4.200214 1.5
v 23.5 4.659988 2.5
v 23.5 4.749232 3.5
v 23.5 4.864815 4.5
v 23.5 4.097438 5.5
v 23.5 3.690965 6.5
v 23.5 2.941697 7.5
v 23.5 2.864323 8.5
v 23.5 2.627831 9.5
v 23.5 2.390089 10.5
v 23.5 1.892459 11.5
v 23.5 1.366333 12.5
v 23.5 1.383958 13.5
v 23.5 1.713982 14.5
v 23.5 2.597289 15.5
v 23.5 2.997354 16.5
v 23.5 3.317169 17.5
v 23.5 3.092624 18.5
v 23.5 3.055358 19.5
v 23.5 3.049556 20.5
v 23.5 3.013062 21.5
v 23.5 2.918541 22.5
v 23.5 2.536076 23.5
v 23.5 2.463324 24.5
v 24.5 2.643297 -24.5
v 24.5 2.615991 -23.5
v 24.5 2.441052 -22.5
v 24.5 2.279052 -21.5
v 24.5 2.332459 -20.5
v 24.5 2.283216 -19.5
v 24.5 2.710208 -18.5
v 24.5 2.933946 -17.5
v 24.5 3.788990 -16.5
v 24.5 4.206804 -15.5
v 24.5 4.631427 -14.5
v 24.5 4.600005 -13.5
v 24.5 4.200858 -12.5
v 24.5 4.223998 -11.5
v 24.5 3.743166 -10.5
v 24.5 4.068737 -9.5
v 24.5 3.412859 -8.5
v 24.5 3.451472 -7.5
v 24.5 2.715556 -6.5
v 24.5 2.768633 -5.5
v 24.5 2.751004 -4.5
v 24.5 3.111484 -3.5
v 24.5 3.575655 -2.5
v 24.5 3.618278 -1.5
v 24.5 3.913107 -0.5
v 24.5 3.924374 0.5
v 24.5 4.220259 1.5
v 24.5 4.737285 2.5
v 24.5 4.716751 3.5
v 24.5 4.962902 4.5
v 24.5 4.046702 5.5
v 24.5 3.816403 6.5
v 24.5 3.037812 7.5
v 24.5 3.031398 8.5
v 24.5 2.716996 9.5
v 24.5 2.319286 10.5
v 24.5 1.755676 11.5
v 24.5 1.123692 12.5
v 24.5 1.268588 13.5
v 24.5 1.589609 14.5
v 24.5 2.683271 15.5
v 24.5 3.028451 16.5
v 24.5 3.479321 17.5
v 24.5 3.168762 18.5
v 24.5 3.119235 19.5
v 24.5 3.211837 20.5
v 24.5 3.067998 21.5
v 24.5 3.167991 22.5
v 24.5 2.638372 23.5
v 24.5 2.623720 24.5
f 1 52 51
f 1 2 52
f 2 53 52
f 2 3 53
f 3 54 53
f 3 4 54
f 4 55 54
f 4 5 55
f 5 56 55
f 5 6 56
f 6 57 56
f 6 7 57
f 7 58 57
f 7 8 58
f 8 59 58
f 8 9 59
f 9 60 59
f 9 10 60
f 10 61 60
f 10 11 61
f 11 62 61
f 11 12 62
f 12 63 62
f 12 13 63
f 13 64 63
f 13 14 64
f 14 65 64
f 14 15 65
f 15 66 65
f 15 16 66
f 16 67 66
f 16 17 67
f 17 68 67
f 17 18 68
f 18 69 68
f 18 19 69
f 19 70 69
f 19 20 70
f 20 71 70
f 20 21 71
f 21 72 71
f 21 22 72
f 22 73 72
f 22 23 73
f 23 74 73
f 23 24 74
f 24 75 74
f 24 25 75
f 25 76 75
f 25 26 76
f 26 77 76
f 26 27 77
f 27 78 77
f 27 28 78
f 28 79 78
f 28 29 79
f 29 80 79
f 29 30 80
f 30 81 80
f 30 31 81
f 31 82 81
f 31 32 82
f 32 83 82
f 32 33 83
f 33 84 83
f 33 34 84
f 34 85 84
f 34 35 85
f 35 86 85
f 35 36 86
f 36 87 86
f 36 37 87
f 37 88 87
f 37 38 88
f 38 89 88
f 38 39 89
f 39 90 89
f 39 40 90
f 40 91 90
f 40 41 91
f 41 92 91
f 41 42 92
f 42 93 92
f 42 43 93
f 43 94 93
f 43 44 94
f 44 95 94
f 44 45 95
f 45 96 95
f 45 46 96
f 46 97 96
f 46 47 97
f 47 98 97
f 47 48 98
f 48 99 98
f 48 49 99
f 49 100 99
f 49 50 100
f 51 102 101
f 51 52 102
f 52 103 102
f 52 53 103
f 53 104 103
f 53 54 104
f 54 105 104
f 54 55 105
f 55 106 105
f 55 56 106
f 56 107 106
f 56 57 107
f 57 108 107
f 57 58 108
f 58 109 108
f 58 59 109
f 59 110 109
f 59 60 110
f 60 111 110
f 60 61 111
f 61 112 111
f 61 62 112
f 62 113 112
f 62 63 113
f 63 114 113
f 63 64 114
f 64 115 114
f 64 65 115
f 65 116 115
f 65 66 116
f 66 117 116
f 66 67 117
f 67 118 117
f 67 68 118
f 68 119 118
f 68 69 119
f 69 120 119
f 69 70 120
f 70 121 120
f 70 71 121
f 71 122 121
f 71 72 122
f 72 123 122
f 72 73 123
f 73 124 123
f 73 74 124
f 74 125 124
f 74 75 125
f 75 126 125
f 75 76 126
f 76 127 126
f 76 77 127
f 77 128 127
f 77 78 128
f 78 129 128
f 78 79 129
f 79 130 129
f 79 80 130
f 80 131 130
f 80 81 131
f 81 132 131
f 81 82 132
f 82 133 132
f 82 83 133
f 83 134 133
f 83 84 134
f 84 135 134
f 84 85 135
f 85 136 135
f 85 86 136
f 86 137 136
f 86 87 137
f 87 138 137
f 87 88 138
f 88 139 138
f 88 89 139
f 89 140 139
f 89 90 140
f 90 141 140
f 90 91 141
f 91 142 141
f 91 92 142
f 92 143 142
f 92 93 143
f 93 144 143
f 93 94 144
f 94 145 144
f 94 95 145
f 95 146 145
f 95 96 146
f 96 147 146
f 96 97 147
f 97 148 147
f 97 98 148
f 98 149 148
f 98 99 149
f 99 150 149
f 99 100 150
f 101 152 151
f 101 102 152
f 102 153 152
f 102 103 153
f 103 154 153
f 103 104 154
f 104 155 154
f 104 105 155
f 105 156 155
f 105 106 156
f 106 157 156
f 106 107 157
f 107 158 157
f 107 108 158
f 108 159 158
f 108 109 159
f 109 160 159
f 109 110 160
f 110 161 160
f 110 111 161
f 111 162 161
f 111 112 162
f 112 163 162
f 112 113 163
f 113 164 163
f 113 114 164
f 114 165 164
f 114 115 165
f 115 166 165
f 115 116 166
f 116 167 166
f 116 117 167
f 117 168 167
f 117 118 168
f 118 169 168
f 118 119 169
f 119 170 169
f 119 120 170
f 120 171 170
f 120 121 171
f 121 172 171
f 121 122 172
f 122 173 172
f 122 123 173
f 123 174 173
f 123 124 174
f 124 175 174
f 124 125 175
f 125 176 175
f 125 126 176
f 126 177 176
f 126 127 177
f 127 178 177
f 127 128 178
f 128 179 178
f 128 129 179
f 129 180 179
f 129 130 180
f 130 181 180
f 130 131 181
f 131 182 181
f 131 132 182
f 132 183 182
f 132 133 183
f 133 184 183
f 133 134 184
f 134 185 184
f 134 135 185
f 135 186 185
f 135 136 186
f 136 187 186
f 136 137 187
f 137 188 187
f 137 138 188
f 138 189 188
f 138 139 189
f 139 190 189
f 139 140 190
f 140 191 190
f 140 141 191
f 141 192 191
f 141 142 192
f 142 193 192
f 142 143 193
f 143 194 193
f 143 144 194
f 144 195 194
f 144 145 195
f 145 196 195
f 145 146 196
f 146 197 196
f 146 147 197
f 147 198 197
f 147 148 198
f 148 199 198
f 148 149 199
f 149 200 199
f 149 150 200
f 151 202 201
f 151 152 202
f 152 203 202
f 152 153 203
f 153 204 203
f 153 154 204
f 154 205 204
f 154 155 205
f 155 206 205
f 155 156 206
f 156 207 206
f 156 157 207
f 157 208 207
f 157 158 208
f 158 209 208
f 158 159 209
f 159 210 209
f 159 160 210
f 160 211 210
f 160 161 211
f 161 212 211
f 161 162 212
f 162 213 212
f 162 163 213
f 163 214 213
f 163 164 214
f 164 215 214
f 164 165 215
f 165 216 215
f 165 166 216
f 166 217 216
f 166 167 217
f 167 218 217
f 167 168 218
f 168 219 218
f 168 169 219
f 169 220 219
f 169 170 220
f 170 221 220
f 170 171 221
f 171 222 221
f 171 172 222
f 172 223 222
f 172 173 223
f 173 224 223
f 173 174 224
f 174 225 224
f 174 175 225
f 175 226 225
f 175 176 226
f 176 227 226
f 176 177 227
f 177 228 227
f 177 178 228
f 178 229 228
f 178 179 229
f 179 230 229
f 179 180 230
f 180 231 230
f 180 181 231
f 181 232 231
f 181 182 232
f 182 233 232
f 182 183 233
f 183 234 233
f 183 184 234
f 184 235 234
f 184 185 235
f 185 236 235
f 185 186 236
f 186 237 236
f 186 187 237
f 187 238 237
f 187 188 238
f 188 239 238
f 188 189 239
f 189 240 239
f 189 190 240
f 190 241 240
f 190 191 241
f 191 242 241
f 191 192 242
f 192 243 242
f 192 193 243
f 193 244 243
f 193 194 244
f 194 245 244
f 194 195 245
f 195 246 245
f 195 196 246
f 196 247 246
f 196 197 247
f 197 248 247
f 197 198 248
f 198 249 248
f 198 199 249
f 199 250 249
f 199 200 250
f 201 252 251
f 201 202 252
f 202 253 252
f 202 203 253
f 203 254 253
f 203 204 254
f 204 255 254
f 204 205 255
f 205 256 255
f 205 206 256
f 206 257 256
f 206 207 257
f 207 258 257
f 207 208 258
f 208 259 258
f 208 209 259
f 209 260 259
f 209 210 260
f 210 261 260
f 210 211 261
f 211 262 261
f 211 212 262
f 212 263 262
f 212 213 263
f 213 264 263
f 213 214 264
f 214 265 264
f 214 215 265
f 215 266 265
f 215 216 266
f 216 267 266
f 216 217 267
f 217 268 267
f 217 218 268
f 218 269 268
f 218 219 269
f 219 270 269
f 219 220 270
f 220 271 270
f 220 221 271
f 221 272 271
f 221 222 272
f 222 273 272
f 222 223 273
f 223 274 273
f 223 224 274
f 224 275 274
f 224 225 275
f 225 276 275
f 225 226 276
f 226 277 276
f 226 227 277
f 227 278 277
f 227 228 278
f 228 279 278
f 228 229 279
f 229 280 279
f 229 230 280
f 230 281 280
f 230 231 281
f 231 282 281
f 231 232 282
f 232 283 282
f 232 233 283
f 233 284 283
f 233 234 284
f 234 285 284
f 234 235 285
f 235 286 285
f 235 236 286
f 236 287 286
f 236 237 287
f 237 288 287
f 237 238 288
f 238 289 288
f 238 239 289
f 239 290 289
f 239 240 290
f 240 291 290
f 240 241 291
f 241 292 291
f 241 242 292
f 242 293 292
f 242 243 293
f 243 294 293
f 243 244 294
f 244 295 294
f 244 245 295
f 245 296 295
f 245 246 296
f 246 297 296
f 246 247 297
f 247 298 297
f 247 248 298
f 248 299 298
f 248 249 299
f 249 300 299
f 249 250 300
f 251 302 301
f 251 252 302
f 252 303 302
f 252 253 303
f 253 304 303
f 253 254 304
f 254 305 304
f 254 255 305
f 255 306 305
f 255 256 306
f 256 307 306
f 256 257 307
f 257 308 307
f 257 258 308
f 258 309 308
f 258 259 309
f 259 310 309
f 259 260 310
f 260 311 310
f 260 261 311
f 261 312 311
f 261 262 312
f 262 313 312
f 262 263 313
f 263 314 313
f 263 264 314
f 264 315 314
f 264 265 315
f 265 316 315
f 265 266 316
f 266 317 316
f 266 267 317
f 267 318 317
f 267 268 318
f 268 319 318
f 268 269 319
f 269 320 319
f 269 270 320
f 270 321 320
f 270 271 321
f 271 322 321
f 271 272 322
f 272 323 322
f 272 273 323
f 273 324 323
f 273 274 324
f 274 325 324
f 274 275 325
f 275 326 325
f 275 276 326
f 276 327 326
f 276 277 327
f 277 328 327
f 277 278 328
f 278 329 328
f 278 279 329
f 279 330 329
f 279 280 330
f 280 331 330
f 280 281 331
f 281 332 331
f 281 282 332
f 282 333 332
f 282 283 333
f 283 334 333
f 283 284 334
f 284 335 334
f 284 285 335
f 285 336 335
f 285 286 336
f 286 337 336
f 286 287 337
f 287 338 337
f 287 288 338
f 288 339 338
f 288 289 339
f 289 340 339
f 289 290 340
f 290 341 340
f 290 291 341
f 291 342 341
f 291 292 342
f 292 343 342
f 292 293 343
f 293 344 343
f 293 294 344
f 294 345 344
f 294 295 345
f 295 346 345
f 295 296 346
f 296 347 346
f 296 297 347
f 297 348 347
f 297 298 348
f 298 349 348
f 298 299 349
f 299 350 349
f 299 300 350
f 301 352 351
f 301 302 352
f 302 353 352
f 302 303 353
f 303 354 353
f 303 304 354
f 304 355 354
f 304 305 355
f 305 356 355
f 305 306 356
f 306 357 356
f 306 307 357
f 307 358 357
f 307 308 358
f 308 359 358
f 308 309 359
f 309 360 359
f 309 310 360
f 310 361 360
f 310 311 361
f 311 362 361
f 311 312 362
f 312 363 362
f 312 313 363
f 313 364 363
f 313 314 364
f 314 365 364
f 314 315 365
f 315 366 365
f 315 316 366
f 316 367 366
f 316 317 367
f 317 368 367
f 317 318 368
f 318 369 368
f 318 319 369
f 319 370 369
f 319 320 370
f 320 371 370
f 320 321 371
f 321 372 371
f 321 322 372
f 322 373 372
f 322 323 373
f 323 374 373
f 323 324 374
f 324 375 374
f 324 325 375
f 325 376 375
f 325 326 376
f 326 377 376
f 326 327 377
f 327 378 377
f 327 328 378
f 328 379 378
f 328 329 379
f 329 380 379
f 329 330 380
f 330 381 380
f 330 331 381
f 331 382 381
f 331 332 382
f 332 383 382
f 332 333 383
f 333 384 383
f 333 334 384
f 334 385 384
f 334 335 385
f 335 386 385
f 335 336 386
f 336 387 386
f 336 337 387
f 337 388 387
f 337 338 388
f 338 389 388
f 338 339 389
f 339 390 389
f 339 340 390
f 340 391 390
f 340 341 391
f 341 392 391
f 341 342 392
f 342 393 392
f 342 343 393
f 343 394 393
f 343 344 394
f 344 395 394
f 344 345 395
f 345 396 395
f 345 346 396
f 346 397 396
f 346 347 397
f 347 398 397
f 347 348 398
f 348 399 398
f 348 349 399
f 349 400 399
f 349 350 400
f 351 402 401
f 351 352 402
f 352 403 402
f 352 353 403
f 353 404 403
f 353 354 404
f 354 405 404
f 354 355 405
f 355 406 405
f 355 356 406
f 356 407 406
f 356 357 407
f 357 408 407
f 357 358 408
f 358 409 408
f 358 359 409
f 359 410 409
f 359 360 410
f 360 411 410
f 360 361 411
f 361 412 411
f 361 362 412
f 362 413 412
f 362 363 413
f 363 414 413
f 363 364 414
f 364 415 414
f 364 365 415
f 365 416 415
f 365 366 416
f 366 417 416
f 366 367 417
f 367 418 417
f 367 368 418
f 368 419 418
f 368 369 419
f 369 420 419
f 369 370 420
f 370 421 420
f 370 371 421
f 371 422 421
f 371 372 422
f 372 423 422
f 372 373 423
f 373 424 423
f 373 374 424
f 374 425 424
f 374 375 425
f 375 426 425
f 375 376 426
f 376 427 426
f 376 377 427
f 377 428 427
f 377 378 428
f 378 429 428
f 378 379 429
f 379 430 429
f 379 380 430
f 380 431 430
f 380 381 431
f 381 432 431
f 381 382 432
f 382 433 432
f 382 383 433
f 383 434 433
f 383 384 434
f 384 435 434
f 384 385 435
f 385 436 435
f 385 386 436
f 386 437 436
f 386 387 437
f 387 438 437
f 387 388 438
f 388 439 438
f 388 389 439
f 389 440 439
f 389 390 440
f 390 441 440
f 390 391 441
f 391 442 441
f 391 392 442
f 392 443 442
f 392 393 443
f 393 444 443
f 393 394 444
f 394 445 444
f 394 395 445
f 395 446 445
f 395 396 446
f 396 447 446
f 396 397 447
f 397 448 447
f 397 398 448
f 398 449 448
f 398 399 449
f 399 450 449
f 399 400 450
f 401 452 451
f 401 402 452
f 402 453 452
f 402 403 453
f 403 454 453
f 403 404 454
f 404 455 454
f 404 405 455
f 405 456 455
f 405 406 456
f 406 457 456
f 406 407 457
f 407 458 457
f 407 408 458
f 408 459 458
f 408 409 459
f 409 460 459
f 409 410 460
f 410 461 460
f 410 411 461
f 411 462 461
f 411 412 462
f 412 463 462
f 412 413 463
f 413 464 463
f 413 414 464
f 414 465 464
f 414 415 465
f 415 466 465
f 415 416 466
f 416 467 466
f 416 417 467
f 417 468 467
f 417 418 468
f 418 469 468
f 418 419 469
f 419 470 469
f 419 420 470
f 420 471 470
f 420 421 471
f 421 472 471
f 421 422 472
f 422 473 472
f 422 423 473
f 423 474 473
f 423 424 474
f 424 475 474
f 424 425 475
f 425 476 475
f 425 426 476
f 426 477 476
f 426 427 477
f 427 478 477
f 427 428 478
f 428 479 478
f 428 429 479
f 429 480 479
f 429 430 480
f 430 481 480
f 430 431 481
f 431 482 481
f 431 432 482
f 432 483 482
f 432 433 483
f 433 484 483
f 433 434 484
f 434 485 484
f 434 435 485
f 435 486 485
f 435 436 486
f 436 487 486
f 436 437 487
f 437 488 487
f 437 438 488
f 438 489 488
f 438 439 489
f 439 490 489
f 439 440 490
f 440 491 490
f 440 441 491
f 441 492 491
f 441 442 492
f 442 493 492
f 442 443 493
f 443 494 493
f 443 444 494
f 444 495 494
f 444 445 495
f 445 496 495
f 445 446 496
f 446 497 496
f 446 447 497
f 447 498 497
f 447 448 498
f 448 499 498
f 448 449 499
f 449 500 499
f 449 450 500
f 451 502 501
f 451 452 502
f 452 503 502
f 452 453 503
f 453 504 503
f 453 454 504
f 454 505 504
f 454 455 505
f 455 506 505
f 455 456 506
f 456 507 506
f 456 457 507
f 457 508 507
f 457 458 508
f 458 509 508
f 458 459 509
f 459 510 509
f 459 460 510
f 460 511 510
f 460 461 511
f 461 512 511
f 461 462 512
f 462 513 512
f 462 463 513
f 463 514 513
f 463 464 514
f 464 515 514
f 464 465 515
f 465 516 515
f 465 466 516
f 466 517 516
f 466 467 517
f 467 518 517
f 467 468 518
f 468 519 518
f 468 469 519
f 469 520 519
f 469 470 520
f 470 521 520
f 470 471 521
f 471 522 521
f 471 472 522
f 472 523 522
f 472 473 523
f 473 524 523
f 473 474 524
f 474 525 524
f 474 475 525
f 475 526 525
f 475 476 526
f 476 527 526
f 476 477 527
f 477 528 527
f 477 478 528
f 478 529 528
f 478 479 529
f 479 530 529
f 479 480 530
f 480 531 530
f 480 481 531
f 481 532 531
f 481 482 532
f 482 533 532
f 482 483 533
f 483 534 533
f 483 484 534
f 484 535 534
f 484 485 535
f 485 536 535
f 485 486 536
f 486 537 536
f 486 487 537
f 487 538 537
f 487 488 538
f 488 539 538
f 488 489 539
f 489 540 539
f 489 490 540
f 490 541 540
f 490 491 541
f 491 542 541
f 491 492 542
f 492 543 542
f 492 493 543
f 493 544 543
f 493 494 544
f 494 545 544
f 494 495 545
f 495 546 545
f 495 496 546
f 496 547 546
f 496 497 547
f 497 548 547
f 497 498 548
f 498 549 548
f 498 499 549
f 499 550 549
f 499 500 550
f 501 552 551
f 501 502 552
f 502 553 552
f 502 503 553
f 503 554 553
f 503 504 554
f 504 555 554
f 504 505 555
f 505 556 555
f 505 506 556
f 506 557 556
f 506 507 557
f 507 558 557
f 507 508 558
f 508 559 558
f 508 509 559
f 509 560 559
f 509 510 560
f 510 561 560
f 510 511 561
f 511 562 561
f 511 512 562
f 512 563 562
f 512 513 563
f 513 564 563
f 513 514 564
f 514 565 564
f 514 515 565
f 515 566 565
f 515 516 566
f 516 567 566
f 516 517 567
f 517 568 567
f 517 518 568
f 518 569 568
f 518 519 569
f 519 570 569
f 519 520 570
f 520 571 570
f 520 521 571
f 521 572 571
f 521 522 572
f 522 573 572
f 522 523 573
f 523 574 573
f 523 524 574
f 524 575 574
f 524 525 575
f 525 576 575
f 525 526 576
f 526 577 576
f 526 527 577
f 527 578 577
f 527 528 578
f 528 579 578
f 528 529 579
f 529 580 579
f 529 530 580
f 530 581 580
f 530 531 581
f 531 582 581
f 531 532 582
f 532 583 582
f 532 533 583
f 533 584 583
f 533 534 584
f 534 585 584
f 534 535 585
f 535 586 585
f 535 536 586
f 536 587 586
f 536 537 587
f 537 588 587
f 537 538 588
f 538 589 588
f 538 539 589
f 539 590 589
f 539 540 590
f 540 591 590
f 540 541 591
f 541 592 591
f 541 542 592
f 542 593 592
f 542 543 593
f 543 594 593
f 543 544 594
f 544 595 594
f 544 545 595
f 545 596 595
f 545 546 596
f 546 597 596
f 546 547 597
f 547 598 597
f 547 548 598
f 548 599 598
f 548 549 599
f 549 600 599
f 549 550 600
f 551 602 601
f 551 552 602
f 552 603 602
f 552 553 603
f 553 604 603
f 553 554 604
f 554 605 604
f 554 555 605
f 555 606 605
f 555 556 606
f 556 607 606
f 556 557 607
f 557 608 607
f 557 558 608
f 558 609 608
f 558 559 609
f 559 610 609
f 559 560 610
f 560 611 610
f 560 561 611
f 561 612 611
f 561 562 612
f 562 613 612
f 562 563 613
f 563 614 613
f 563 564 614
f 564 615 614
f 564 565 615
f 565 616 615
f 565 566 616
f 566 617 616
f 566 567 617
f 567 618 617
f 567 568 618
f 568 619 618
f 568 569 619
f 569 620 619
f 569 570 620
f 570 621 620
f 570 571 621
f 571 622 621
f 571 572 622
f 572 623 622
f 572 573 623
f 573 624 623
f 573 574 624
f 574 625 624
f 574 575 625
f 575 626 625
f 575 576 626
f 576 627 626
f 576 577 627
f 577 628 627
f 577 578 628
f 578 629 628
f 578 579 629
f 579 630 629
f 579 580 630
f 580 631 630
f 580 581 631
f 581 632 631
f 581 582 632
f 582 633 632
f 582 583 633
f 583 634 633
f 583 584 634
f 584 635 634
f 584 585 635
f 585 636 635
f 585 586 636
f 586 637 636
f 586 587 637
f 587 638 637
f 587 588 638
f 588 639 638
f 588 589 639
f 589 640 639
f 589 590 640
f 590 641 640
f 590 591 641
f 591 642 641
f 591 592 642
f 592 643 642
f 592 593 643
f 593 644 643
f 593 594 644
f 594 645 644
f 594 595 645
f 595 646 645
f 595 596 646
f 596 647 646
f 596 597 647
f 597 648 647
f 597 598 648
f 598 649 648
f 598 599 649
f 599 650 649
f 599 600 650
f 601 652 651
f 601 602 652
f 602 653 652
f 602 603 653
f 603 654 653
f 603 604 654
f 604 655 654
f 604 605 655
f 605 656 655
f 605 606 656
f 606 657 656
f 606 607 657
f 607 658 657
f 607 608 658
f 608 659 658
f 608 609 659
f 609 660 659
f 609 610 660
f 610 661 660
f 610 611 661
f 611 662 661
f 611 612 662
f 612 663 662
f 612 613 663
f 613 664 663
f 613 614 664
f 614 665 664
f 614 615 665
f 615 666 665
f 615 616 666
f 616 667 666
f 616 617 667
f 617 668 667
f 617 618 668
f 618 669 668
f 618 619 669
f 619 670 669
f 619 620 670
f 620 671 670
f 620 621 671
f 621 672 671
f 621 622 672
f 622 673 672
f 622 623 673
f 623 674 673
f 623 624 674
f 624 675 674
f 624 625 675
f 625 676 675
f 625 626 676
f 626 677 676
f 626 627 677
f 627 678 677
f 627 628 678
f 628 679 678
f 628 629 679
f 629 680 679
f 629 630 680
f 630 681 680
f 630 631 681
f 631 682 681
f 631 632 682
f 632 683 682
f 632 633 683
f 633 684 683
f 633 634 684
f 634 685 684
f 634 635 685
f 635 686 685
f 635 636 686
f 636 687 686
f 636 637 687
f 637 688 687
f 637 638 688
f 638 689 688
f 638 639 689
f 639 690 689
f 639 640 690
f 640 691 690
f 640 641 691
f 641 692 691
f 641 642 692
f 642 693 692
f 642 643 693
f 643 694 693
f 643 644 694
f 644 695 694
f 644 645 695
f 645 696 695
f 645 646 696
f 646 697 696
f 646 647 697
f 647 698 697
f 647 648 698
f 648 699 698
f 648 649 699
f 649 700 699
f 649 650 700
f 651 702 701
f 651 652 702
f 652 703 702
f 652 653 703
f 653 704 703
f 653 654 704
f 654 705 704
f 654 655 705
f 655 706 705
f 655 656 706
f 656 707 706
f 656 657 707
f 657 708 707
f 657 658 708
f 658 709 708
f 658 659 709
f 659 710 709
f 659 660 710
f 660 711 710
f 660 661 711
f 661 712 711
f 661 662 712
f 662 713 712
f 662 663 713
f 663 714 713
f 663 664 714
f 664 715 714
f 664 665 715
f 665 716 715
f 665 666 716
f 666 717 716
f 666 667 717
f 667 718 717
f 667 668 718
f 668 719 718
f 668 669 719
f 669 720 719
f 669 670 720
f 670 721 720
f 670 671 721
f 671 722 721
f 671 672 722
f 672 723 722
f 672 673 723
f 673 724 723
f 673 674 724
f 674 725 724
f 674 675 725
f 675 726 725
f 675 676 726
f 676 727 726
f 676 677 727
f 677 728 727
f 677 678 728
f 678 729 728
f 678 679 729
f 679 730 729
f 679 680 730
f 680 731 730
f 680 681 731
f 681 732 731
f 681 682 732
f 682 733 732
f 682 683 733
f 683 734 733
f 683 684 734
f 684 735 734
f 684 685 735
f 685 736 735
f 685 686 736
f 686 737 736
f 686 687 737
f 687 738 737
f 687 688 738
f 688 739 738
f 688 689 739
f 689 740 739
f 689 690 740
f 690 741 740
f 690 691 741
f 691 742 741
f 691 692 742
f 692 743 742
f 692 693 743
f 693 744 743
f 693 694 744
f 694 745 744
f 694 695 745
f 695 746 745
f 695 696 746
f 696 747 746
f 696 697 747
f 697 748 747
f 697 698 748
f 698 749 748
f 698 699 749
f 699 750 749
f 699 700 750
f 701 752 751
f 701 702 752
f 702 753 752
f 702 703 753
f 703 754 753
f 703 704 754
f 704 755 754
f 704 705 755
f 705 756 755
f 705 706 756
f 706 757 756
f 706 707 757
f 707 758 757
f 707 708 758
f 708 759 758
f 708 709 759
f 709 760 759
f 709 710 760
f 710 761 760
f 710 711 761
f 711 762 761
f 711 712 762
f 712 763 762
f 712 713 763
f 713 764 763
f 713 714 764
f 714 765 764
f 714 715 765
f 715 766 765
f 715 716 766
f 716 767 766
f 716 717 767
f 717 768 767
f 717 718 768
f 718 769 768
f 718 719 769
f 719 770 769
f 719 720 770
f 720 771 770
f 720 721 771
f 721 772 771
f 721 722 772
f 722 773 772
f 722 723 773
f 723 774 773
f 723 724 774
f 724 775 774
f 724 725 775
f 725 776 775
f 725 726 776
f 726 777 776
f 726 727 777
f 727 778 777
f 727 728 778
f 728 779 778
f 728 729 779
f 729 780 779
f 729 730 780
f 730 781 780
f 730 731 781
f 731 782 781
f 731 732 782
f 732 783 782
f 732 733 783
f 733 784 783
f 733 734 784
f 734 785 784
f 734 735 785
f 735 786 785
f 735 736 786
f 736 787 786
f 736 737 787
f 737 788 787
f 737 738 788
f 738 789 788
f 738 739 789
f 739 790 789
f 739 740 790
f 740 791 790
f 740 741 791
f 741 792 791
f 741 742 792
f 742 793 792
f 742 743 793
f 743 794 793
f 743 744 794
f 744 795 794
f 744 745 795
f 745 796 795
f 745 746 796
f 746 797 796
f 746 747 797
f 747 798 797
f 747 748 798
f 748 799 798
f 748 749 799
f 749 800 799
f 749 750 800
f 751 802 801
f 751 752 802
f 752 803 802
f 752 753 803
f 753 804 803
f 753 754 804
f 754 805 804
f 754 755 805
f 755 806 805
f 755 756 806
f 756 807 806
f 756 757 807
f 757 808 807
f 757 758 808
f 758 809 808
f 758 759 809
f 759 810 809
f 759 760 810
f 760 811 810
f 760 761 811
f 761 812 811
f 761 762 812
f 762 813 812
f 762 763 813
f 763 814 813
f 763 764 814
f 764 815 814
f 764 765 815
f 765 816 815
f 765 766 816
f 766 817 816
f 766 767 817
f 767 818 817
f 767 768 818
f 768 819 818
f 768 769 819
f 769 820 819
f 769 770 820
f 770 821 820
f 770 771 821
f 771 822 821
f 771 772 822
f 772 823 822
f 772 773 823
f 773 824 823
f 773 774 824
f 774 825 824
f 774 775 825
f 775 826 825
f 775 776 826
f 776 827 826
f 776 777 827
f 777 828 827
f 777 778 828
f 778 829 828
f 778 779 829
f 779 830 829
f 779 780 830
f 780 831 830
f 780 781 831
f 781 832 831
f 781 782 832
f 782 833 832
f 782 783 833
f 783 834 833
f 783 784 834
f 784 835 834
f 784 785 835
f 785 836 835
f 785 786 836
f 786 837 836
f 786 787 837
f 787 838 837
f 787 788 838
f 788 839 838
f 788 789 839
f 789 840 839
f 789 790 840
f 790 841 840
f 790 791 841
f 791 842 841
f 791 792 842
f 792 843 842
f 792 793 843
f 793 844 843
f 793 794 844
f 794 845 844
f 794 795 845
f 795 846 845
f 795 796 846
f 796 847 846
f 796 797 847
f 797 848 847
f 797 798 848
f 798 849 848
f 798 799 849
f 799 850 849
f 799 800 850
f 801 852 851
f 801 802 852
f 802 853 852
f 802 803 853
f 803 854 853
f 803 804 854
f 804 855 854
f 804 805 855
f 805 856 855
f 805 806 856
f 806 857 856
f 806 807 857
f 807 858 857
f 807 808 858
f 808 859 858
f 808 809 859
f 809 860 859
f 809 810 860
f 810 861 860
f 810 811 861
f 811 862 861
f 811 812 862
f 812 863 862
f 812 813 863
f 813 864 863
f 813 814 864
f 814 865 864
f 814 815 865
f 815 866 865
f 815 816 866
f 816 867 866
f 816 817 867
f 817 868 867
f 817 818 868
f 818 869 868
f 818 819 869
f 819 870 869
f 819 820 870
f 820 871 870
f 820 821 871
f 821 872 871
f 821 822 872
f 822 873 872
f 822 823 873
f 823 874 873
f 823 824 874
f 824 875 874
f 824 825 875
f 825 876 875
f 825 826 876
f 826 877 876
f 826 827 877
f 827 878 877
f 827 828 878
f 828 879 878
f 828 829 879
f 829 880 879
f 829 830 880
f 830 881 880
f 830 831 881
f 831 882 881
f 831 832 882
f 832 883 882
f 832 833 883
f 833 884 883
f 833 834 884
f 834 885 884
f 834 835 885
f 835 886 885
f 835 836 886
f 836 887 886
f 836 837 887
f 837 888 887
f 837 838 888
f 838 889 888
f 838 839 889
f 839 890 889
f 839 840 890
f 840 891 890
f 840 841 891
f 841 892 891
f 841 842 892
f 842 893 892
f 842 843 893
f 843 894 893
f 843 844 894
f 844 895 894
f 844 845 895
f 845 896 895
f 845 846 896
f 846 897 896
f 846 847 897
f 847 898 897
f 847 848 898
f 848 899 898
f 848 849 899
f 849 900 899
f 849 850 900
f 851 902 901
f 851 852 902
f 852 903 902
f 852 853 903
f 853 904 903
f 853 854 904
f 854 905 904
f 854 855 905
f 855 906 905
f 855 856 906
f 856 907 906
f 856 857 907
f 857 908 907
f 857 858 908
f 858 909 908
f 858 859 909
f 859 910 909
f 859 860 910
f 860 911 910
f 860 861 911
f 861 912 911
f 861 862 912
f 862 913 912
f 862 863 913
f 863 914 913
f 863 864 914
f 864 915 914
f 864 865 915
f 865 916 915
f 865 866 916
f 866 917 916
f 866 867 917
f 867 918 917
f 867 868 918
f 868 919 918
f 868 869 919
f 869 920 919
f 869 870 920
f 870 921 920
f 870 871 921
f 871 922 921
f 871 872 922
f 872 923 922
f 872 873 923
f 873 924 923
f 873 874 924
f 874 925 924
f 874 875 925
f 875 926 925
f 875 876 926
f 876 927 926
f 876 877 927
f 877 928 927
f 877 878 928
f 878 929 928
f 878 879 929
f 879 930 929
f 879 880 930
f 880 931 930
f 880 881 931
f 881 932 931
f 881 882 932
f 882 933 932
f 882 883 933
f 883 934 933
f 883 884 934
f 884 935 934
f 884 885 935
f 885 936 935
f 885 886 936
f 886 937 936
f 886 887 937
f 887 938 937
f 887 888 938
f 888 939 938
f 888 889 939
f 889 940 939
f 889 890 940
f 890 941 940
f 890 891 941
f 891 942 941
f 891 892 942
f 892 943 942
f 892 893 943
f 893 944 943
f 893 894 944
f 894 945 944
f 894 895 945
f 895 946 945
f 895 896 946
f 896 947 946
f 896 897 947
f 897 948 947
f 897 898 948
f 898 949 948
f 898 899 949
f 899 950 949
f 899 900 950
f 901 952 951
f 901 902 952
f 902 953 952
f 902 903 953
f 903 954 953
f 903 904 954
f 904 955 954
f 904 905 955
f 905 956 955
f 905 906 956
f 906 957 956
f 906 907 957
f 907 958 957
f 907 908 958
f 908 959 958
f 908 909 959
f 909 960 959
f 909 910 960
f 910 961 960
f 910 911 961
f 911 962 961
f 911 912 962
f 912 963 962
f 912 913 963
f 913 964 963
f 913 914 964
f 914 965 964
f 914 915 965
f 915 966 965
f 915 916 966
f 916 967 966
f 916 917 967
f 917 968 967
f 917 918 968
f 918 969 968
f 918 919 969
f 919 970 969
f 919 920 970
f 920 971 970
f 920 921 971
f 921 972 971
f 921 922 972
f 922 973 972
f 922 923 973
f 923 974 973
f 923 924 974
f 924 975 974
f 924 925 975
f 925 976 975
f 925 926 976
f 926 977 976
f 926 927 977
f 927 978 977
f 927 928 978
f 928 979 978
f 928 929 979
f 929 980 979
f 929 930 980
f 930 981 980
f 930 931 981
f 931 982 981
f 931 932 982
f 932 983 982
f 932 933 983
f 933 984 983
f 933 934 984
f 934 985 984
f 934 935 985
f 935 986 985
f 935 936 986
f 936 987 986
f 936 937 987
f 937 988 987
f 937 938 988
f 938 989 988
f 938 939 989
f 939 990 989
f 939 940 990
f 940 991 990
f 940 941 991
f 941 992 991
f 941 942 992
f 942 993 992
f 942 943 993
f 943 994 993
f 943 944 994
f 944 995 994
f 944 945 995
f 945 996 995
f 945 946 996
f 946 997 996
f 946 947 997
f 947 998 997
f 947 948 998
f 948 999 998
f 948 949 999
f 949 1000 999
f 949 950 1000
f 951 1002 1001
f 951 952 1002
f 952 1003 1002
f 952 953 1003
f 953 1004 1003
f 953 954 1004
f 954 1005 1004
f 954 955 1005
f 955 1006 1005
f 955 956 1006
f 956 1007 1006
f 956 957 1007
f 957 1008 1007
f 957 958 1008
f 958 1009 1008
f 958 959 1009
f 959 1010 1009
f 959 960 1010
f 960 1011 1010
f 960 961 1011
f 961 1012 1011
f 961 962 1012
f 962 1013 1012
f 962 963 1013
f 963 1014 1013
f 963 964 1014
f 964 1015 1014
f 964 965 1015
f 965 1016 1015
f 965 966 1016
f 966 1017 1016
f 966 967 1017
f 967 1018 1017
f 967 968 1018
f 968 1019 1018
f 968 969 1019
f 969 1020 1019
f 969 970 1020
f 970 1021 1020
f 970 971 1021
f 971 1022 1021
f 971 972 1022
f 972 1023 1022
f 972 973 1023
f 973 1024 1023
f 973 974 1024
f 974 1025 1024
f 974 975 1025
f 975 1026 1025
f 975 976 1026
f 976 1027 1026
f 976 977 1027
f 977 1028 1027
f 977 978 1028
f 978 1029 1028
f 978 979 1029
f 979 1030 1029
f 979 980 1030
f 980 1031 1030
f 980 981 1031
f 981 1032 1031
f 981 982 1032
f 982 1033 1032
f 982 983 1033
f 983 1034 1033
f 983 984 1034
f 984 1035 1034
f 984 985 1035
f 985 1036 1035
f 985 986 1036
f 986 1037 1036
f 986 987 1037
f 987 1038 1037
f 987 988 1038
f 988 1039 1038
f 988 989 1039
f 989 1040 1039
f 989 990 1040
f 990 1041 1040
f 990 991 1041
f 991 1042 1041
f 991 992 1042
f 992 1043 1042
f 992 993 1043
f 993 1044 1043
f 993 994 1044
f 994 1045 1044
f 994 995 1045
f 995 1046 1045
f 995 996 1046
f 996 1047 1046
f 996 997 1047
f 997 1048 1047
f 997 998 1048
f 998 1049 1048
f 998 999 1049
f 999 1050 1049
f 999 1000 1050
f 1001 1052 1051
f 1001 1002 1052
f 1002 1053 1052
f 1002 1003 1053
f 1003 1054 1053
f 1003 1004 1054
f 1004 1055 1054
f 1004 1005 1055
f 1005 1056 1055
f 1005 1006 1056
f 1006 1057 1056
f 1006 1007 1057
f 1007 1058 1057
f 1007 1008 1058
f 1008 1059 1058
f 1008 1009 1059
f 1009 1060 1059
f 1009 1010 1060
f 1010 1061 1060
f 1010 1011 1061
f 1011 1062 1061
f 1011 1012 1062
f 1012 1063 1062
f 1012 1013 1063
f 1013 1064 1063
f 1013 1014 1064
f 1014 1065 1064
f 1014 1015 1065
f 1015 1066 1065
f 1015 1016 1066
f 1016 1067 1066
f 1016 1017 1067
f 1017 1068 1067
f 1017 1018 1068
f 1018 1069 1068
f 1018 1019 1069
f 1019 1070 1069
f 1019 1020 1070
f 1020 1071 1070
f 1020 1021 1071
f 1021 1072 1071
f 1021 1022 1072
f 1022 1073 1072
f 1022 1023 1073
f 1023 1074 1073
f 1023 1024 1074
f 1024 1075 1074
f 1024 1025 1075
f 1025 1076 1075
f 1025 1026 1076
f 1026 1077 1076
f 1026 1027 1077
f 1027 1078 1077
f 1027 1028 1078
f 1028 1079 1078
f 1028 1029 1079
f 1029 1080 1079
f 1029 1030 1080
f 1030 1081 1080
f 1030 1031 1081
f 1031 1082 1081
f 1031 1032 1082
f 1032 1083 1082
f 1032 1033 1083
f 1033 1084 1083
f 1033 1034 1084
f 1034 1085 1084
f 1034 1035 1085
f 1035 1086 1085
f 1035 1036 1086
f 1036 1087 1086
f 1036 1037 1087
f 1037 1088 1087
f 1037 1038 1088
f 1038 1089 1088
f 1038 1039 1089
f 1039 1090 1089
f 1039 1040 1090
f 1040 1091 1090
f 1040 1041 1091
f 1041 1092 1091
f 1041 1042 1092
f 1042 1093 1092
f 1042 1043 1093
f 1043 1094 1093
f 1043 1044 1094
f 1044 1095 1094
f 1044 1045 1095
f 1045 1096 1095
f 1045 1046 1096
f 1046 1097 1096
f 1046 1047 1097
f 1047 1098 1097
f 1047 1048 1098
f 1048 1099 1098
f 1048 1049 1099
f 1049 1100 1099
f 1049 1050 1100
f 1051 1102 1101
f 1051 1052 1102
f 1052 1103 1102
f 1052 1053 1103
f 1053 1104 1103
f 1053 1054 1104
f 1054 1105 1104
f 1054 1055 1105
f 1055 1106 1105
f 1055 1056 1106
f 1056 1107 1106
f 1056 1057 1107
f 1057 1108 1107
f 1057 1058 1108
f 1058 1109 1108
f 1058 1059 1109
f 1059 1110 1109
f 1059 1060 1110
f 1060 1111 1110
f 1060 1061 1111
f 1061 1112 1111
f 1061 1062 1112
f 1062 1113 1112
f 1062 1063 1113
f 1063 1114 1113
f 1063 1064 1114
f 1064 1115 1114
f 1064 1065 1115
f 1065 1116 1115
f 1065 1066 1116
f 1066 1117 1116
f 1066 1067 1117
f 1067 1118 1117
f 1067 1068 1118
f 1068 1119 1118
f 1068 1069 1119
f 1069 1120 1119
f 1069 1070 1120
f 1070 1121 1120
f 1070 1071 1121
f 1071 1122 1121
f 1071 1072 1122
f 1072 1123 1122
f 1072 1073 1123
f 1073 1124 1123
f 1073 1074 1124
f 1074 1125 1124
f 1074 1075 1125
f 1075 1126 1125
f 1075 1076 1126
f 1076 1127 1126
f 1076 1077 1127
f 1077 1128 1127
f 1077 1078 1128
f 1078 1129 1128
f 1078 1079 1129
f 1079 1130 1129
f 1079 1080 1130
f 1080 1131 1130
f 1080 1081 1131
f 1081 1132 1131
f 1081 1082 1132
f 1082 1133 1132
f 1082 1083 1133
f 1083 1134 1133
f 1083 1084 1134
f 1084 1135 1134
f 1084 1085 1135
f 1085 1136 1135
f 1085 1086 1136
f 1086 1137 1136
f 1086 1087 1137
f 1087 1138 1137
f 1087 1088 1138
f 1088 1139 1138
f 1088 1089 1139
f 1089 1140 1139
f 1089 1090 1140
f 1090 1141 1140
f 1090 1091 1141
f 1091 1142 1141
f 1091 1092 1142
f 1092 1143 1142
f 1092 1093 1143
f 1093 1144 1143
f 1093 1094 1144
f 1094 1145 1144
f 1094 1095 1145
f 1095 1146 1145
f 1095 1096 1146
f 1096 1147 1146
f 1096 1097 1147
f 1097 1148 1147
f 1097 1098 1148
f 1098 1149 1148
f 1098 1099 1149
f 1099 1150 1149
f 1099 1100 1150
f 1101 1152 1151
f 1101 1102 1152
f 1102 1153 1152
f 1102 1103 1153
f 1103 1154 1153
f 1103 1104 1154
f 1104 1155 1154
f 1104 1105 1155
f 1105 1156 1155
f 1105 1106 1156
f 1106 1157 1156
f 1106 1107 1157
f 1107 1158 1157
f 1107 1108 1158
f 1108 1159 1158
f 1108 1109 1159
f 1109 1160 1159
f 1109 1110 1160
f 1110 1161 1160
f 1110 1111 1161
f 1111 1162 1161
f 1111 1112 1162
f 1112 1163 1162
f 1112 1113 1163
f 1113 1164 1163
f 1113 1114 1164
f 1114 1165 1164
f 1114 1115 1165
f 1115 1166 1165
f 1115 1116 1166
f 1116 1167 1166
f 1116 1117 1167
f 1117 1168 1167
f 1117 1118 1168
f 1118 1169 1168
f 1118 1119 1169
f 1119 1170 1169
f 1119 1120 1170
f 1120 1171 1170
f 1120 1121 1171
f 1121 1172 1171
f 1121 1122 1172
f 1122 1173 1172
f 1122 1123 1173
f 1123 1174 1173
f 1123 1124 1174
f 1124 1175 1174
f 1124 1125 1175
f 1125 1176 1175
f 1125 1126 1176
f 1126 1177 1176
f 1126 1127 1177
f 1127 1178 1177
f 1127 1128 1178
f 1128 1179 1178
f 1128 1129 1179
f 1129 1180 1179
f 1129 1130 1180
f 1130 1181 1180
f 1130 1131 1181
f 1131 1182 1181
f 1131 1132 1182
f 1132 1183 1182
f 1132 1133 1183
f 1133 1184 1183
f 1133 1134 1184
f 1134 1185 1184
f 1134 1135 1185
f 1135 1186 1185
f 1135 1136 1186
f 1136 1187 1186
f 1136 1137 1187
f 1137 1188 1187
f 1137 1138 1188
f 1138 1189 1188
f 1138 1139 1189
f 1139 1190 1189
f 1139 1140 1190
f 1140 1191 1190
f 1140 1141 1191
f 1141 1192 1191
f 1141 1142 1192
f 1142 1193 1192
f 1142 1143 1193
f 1143 1194 1193
f 1143 1144 1194
f 1144 1195 1194
f 1144 1145 1195
f 1145 1196 1195
f 1145 1146 1196
f 1146 1197 1196
f 1146 1147 1197
f 1147 1198 1197
f 1147 1148 1198
f 1148 1199 1198
f 1148 1149 1199
f 1149 1200 1199
f 1149 1150 1200
f 1151 1202 1201
f 1151 1152 1202
f 1152 1203 1202
f 1152 1153 1203
f 1153 1204 1203
f 1153 1154 1204
f 1154 1205 1204
f 1154 1155 1205
f 1155 1206 1205
f 1155 1156 1206
f 1156 1207 1206
f 1156 1157 1207
f 1157 1208 1207
f 1157 1158 1208
f 1158 1209 1208
f 1158 1159 1209
f 1159 1210 1209
f 1159 1160 1210
f 1160 1211 1210
f 1160 1161 1211
f 1161 1212 1211
f 1161 1162 1212
f 1162 1213 1212
f 1162 1163 1213
f 1163 1214 1213
f 1163 1164 1214
f 1164 1215 1214
f 1164 1165 1215
f 1165 1216 1215
f 1165 1166 1216
f 1166 1217 1216
f 1166 1167 1217
f 1167 1218 1217
f 1167 1168 1218
f 1168 1219 1218
f 1168 1169 1219
f 1169 1220 1219
f 1169 1170 1220
f 1170 1221 1220
f 1170 1171 1221
f 1171 1222 1221
f 1171 1172 1222
f 1172 1223 1222
f 1172 1173 1223
f 1173 1224 1223
f 1173 1174 1224
f 1174 1225 1224
f 1174 1175 1225
f 1175 1226 1225
f 1175 1176 1226
f 1176 1227 1226
f 1176 1177 1227
f 1177 1228 1227
f 1177 1178 1228
f 1178 1229 1228
f 1178 1179 1229
f 1179 1230 1229
f 1179 1180 1230
f 1180 1231 1230
f 1180 1181 1231
f 1181 1232 1231
f 1181 1182 1232
f 1182 1233 1232
f 1182 1183 1233
f 1183 1234 1233
f 1183 1184 1234
f 1184 1235 1234
f 1184 1185 1235
f 1185 1236 1235
f 1185 1186 1236
f 1186 1237 1236
f 1186 1187 1237
f 1187 1238 1237
f 1187 1188 1238
f 1188 1239 1238
f 1188 1189 1239
f 1189 1240 1239
f 1189 1190 1240
f 1190 1241 1240
f 1190 1191 1241
f 1191 1242 1241
f 1191 1192 1242
f 1192 1243 1242
f 1192 1193 1243
f 1193 1244 1243
f 1193 1194 1244
f 1194 1245 1244
f 1194 1195 1245
f 1195 1246 1245
f 1195 1196 1246
f 1196 1247 1246
f 1196 1197 1247
f 1197 1248 1247
f 1197 1198 1248
f 1198 1249 1248
f 1198 1199 1249
f 1199 1250 1249
f 1199 1200 1250
f 1201 1252 1251
f 1201 1202 1252
f 1202 1253 1252
f 1202 1203 1253
f 1203 1254 1253
f 1203 1204 1254
f 1204 1255 1254
f 1204 1205 1255
f 1205 1256 1255
f 1205 1206 1256
f 1206 1257 1256
f 1206 1207 1257
f 1207 1258 1257
f 1207 1208 1258
f 1208 1259 1258
f 1208 1209 1259
f 1209 1260 1259
f 1209 1210 1260
f 1210 1261 1260
f 1210 1211 1261
f 1211 1262 1261
f 1211 1212 1262
f 1212 1263 1262
f 1212 1213 1263
f 1213 1264 1263
f 1213 1214 1264
f 1214 1265 1264
f 1214 1215 1265
f 1215 1266 1265
f 1215 1216 1266
f 1216 1267 1266
f 1216 1217 1267
f 1217 1268 1267
f 1217 1218 1268
f 1218 1269 1268
f 1218 1219 1269
f 1219 1270 1269
f 1219 1220 1270
f 1220 1271 1270
f 1220 1221 1271
f 1221 1272 1271
f 1221 1222 1272
f 1222 1273 1272
f 1222 1223 1273
f 1223 1274 1273
f 1223 1224 1274
f 1224 1275 1274
f 1224 1225 1275
f 1225 1276 1275
f 1225 1226 1276
f 1226 1277 1276
f 1226 1227 1277
f 1227 1278 1277
f 1227 1228 1278
f 1228 1279 1278
f 1228 1229 1279
f 1229 1280 1279
f 1229 1230 1280
f 1230 1281 1280
f 1230 1231 1281
f 1231 1282 1281
f 1231 1232 1282
f 1232 1283 1282
f 1232 1233 1283
f 1233 1284 1283
f 1233 1234 1284
f 1234 1285 1284
f 1234 1235 1285
f 1235 1286 1285
f 1235 1236 1286
f 1236 1287 1286
f 1236 1237 1287
f 1237 1288 1287
f 1237 1238 1288
f 1238 1289 1288
f 1238 1239 1289
f 1239 1290 1289
f 1239 1240 1290
f 1240 1291 1290
f 1240 1241 1291
f 1241 1292 1291
f 1241 1242 1292
f 1242 1293 1292
f 1242 1243 1293
f 1243 1294 1293
f 1243 1244 1294
f 1244 1295 1294
f 1244 1245 1295
f 1245 1296 1295
f 1245 1246 1296
f 1246 1297 1296
f 1246 1247 1297
f 1247 1298 1297
f 1247 1248 1298
f 1248 1299 1298
f 1248 1249 1299
f 1249 1300 1299
f 1249 1250 1300
f 1251 1302 1301
f 1251 1252 1302
f 1252 1303 1302
f 1252 1253 1303
f 1253 1304 1303
f 1253 1254 1304
f 1254 1305 1304
f 1254 1255 1305
f 1255 1306 1305
f 1255 1256 1306
f 1256 1307 1306
f 1256 1257 1307
f 1257 1308 1307
f 1257 1258 1308
f 1258 1309 1308
f 1258 1259 1309
f 1259 1310 1309
f 1259 1260 1310
f 1260 1311 1310
f 1260 1261 1311
f 1261 1312 1311
f 1261 1262 1312
f 1262 1313 1312
f 1262 1263 1313
f 1263 1314 1313
f 1263 1264 1314
f 1264 1315 1314
f 1264 1265 1315
f 1265 1316 1315
f 1265 1266 1316
f 1266 1317 1316
f 1266 1267 1317
f 1267 1318 1317
f 1267 1268 1318
f 1268 1319 1318
f 1268 1269 1319
f 1269 1320 1319
f 1269 1270 1320
f 1270 1321 1320
f 1270 1271 1321
f 1271 1322 1321
f 1271 1272 1322
f 1272 1323 1322
f 1272 1273 1323
f 1273 1324 1323
f 1273 1274 1324
f 1274 1325 1324
f 1274 1275 1325
f 1275 1326 1325
f 1275 1276 1326
f 1276 1327 1326
f 1276 1277 1327
f 1277 1328 1327
f 1277 1278 1328
f 1278 1329 1328
f 1278 1279 1329
f 1279 1330 1329
f 1279 1280 1330
f 1280 1331 1330
f 1280 1281 1331
f 1281 1332 1331
f 1281 1282 1332
f 1282 1333 1332
f 1282 1283 1333
f 1283 1334 1333
f 1283 1284 1334
f 1284 1335 1334
f 1284 1285 1335
f 1285 1336 1335
f 1285 1286 1336
f 1286 1337 1336
f 1286 1287 1337
f 1287 1338 1337
f 1287 1288 1338
f 1288 1339 1338
f 1288 1289 1339
f 1289 1340 1339
f 1289 1290 1340
f 1290 1341 1340
f 1290 1291 1341
f 1291 1342 1341
f 1291 1292 1342
f 1292 1343 1342
f 1292 1293 1343
f 1293 1344 1343
f 1293 1294 1344
f 1294 1345 1344
f 1294 1295 1345
f 1295 1346 1345
f 1295 1296 1346
f 1296 1347 1346
f 1296 1297 1347
f 1297 1348 1347
f 1297 1298 1348
f 1298 1349 1348
f 1298 1299 1349
f 1299 1350 1349
f 1299 1300 1350
f 1301 1352 1351
f 1301 1302 1352
f 1302 1353 1352
f 1302 1303 1353
f 1303 1354 1353
f 1303 1304 1354
f 1304 1355 1354
f 1304 1305 1355
f 1305 1356 1355
f 1305 1306 1356
f 1306 1357 1356
f 1306 1307 1357
f 1307 1358 1357
f 1307 1308 1358
f 1308 1359 1358
f 1308 1309 1359
f 1309 1360 1359
f 1309 1310 1360
f 1310 1361 1360
f 1310 1311 1361
f 1311 1362 1361
f 1311 1312 1362
f 1312 1363 1362
f 1312 1313 1363
f 1313 1364 1363
f 1313 1314 1364
f 1314 1365 1364
f 1314 1315 1365
f 1315 1366 1365
f 1315 1316 1366
f 1316 1367 1366
f 1316 1317 1367
f 1317 1368 1367
f 1317 1318 1368
f 1318 1369 1368
f 1318 1319 1369
f 1319 1370 1369
f 1319 1320 1370
f 1320 1371 1370
f 1320 1321 1371
f 1321 1372 1371
f 1321 1322 1372
f 1322 1373 1372
f 1322 1323 1373
f 1323 1374 1373
f 1323 1324 1374
f 1324 1375 1374
f 1324 1325 1375
f 1325 1376 1375
f 1325 1326 1376
f 1326 1377 1376
f 1326 1327 1377
f 1327 1378 1377
f 1327 1328 1378
f 1328 1379 1378
f 1328 1329 1379
f 1329 1380 1379
f 1329 1330 1380
f 1330 1381 1380
f 1330 1331 1381
f 1331 1382 1381
f 1331 1332 1382
f 1332 1383 1382
f 1332 1333 1383
f 1333 1384 1383
f 1333 1334 1384
f 1334 1385 1384
f 1334 1335 1385
f 1335 1386 1385
f 1335 1336 1386
f 1336 1387 1386
f 1336 1337 1387
f 1337 1388 1387
f 1337 1338 1388
f 1338 1389 1388
f 1338 1339 1389
f 1339 1390 1389
f 1339 1340 1390
f 1340 1391 1390
f 1340 1341 1391
f 1341 1392 1391
f 1341 1342 1392
f 1342 1393 1392
f 1342 1343 1393
f 1343 1394 1393
f 1343 1344 1394
f 1344 1395 1394
f 1344 1345 1395
f 1345 1396 1395
f 1345 1346 1396
f 1346 1397 1396
f 1346 1347 1397
f 1347 1398 1397
f 1347 1348 1398
f 1348 1399 1398
f 1348 1349 1399
f 1349 1400 1399
f 1349 1350 1400
f 1351 1402 1401
f 1351 1352 1402
f 1352 1403 1402
f 1352 1353 1403
f 1353 1404 1403
f 1353 1354 1404
f 1354 1405 1404
f 1354 1355 1405
f 1355 1406 1405
f 1355 1356 1406
f 1356 1407 1406
f 1356 1357 1407
f 1357 1408 1407
f 1357 1358 1408
f 1358 1409 1408
f 1358 1359 1409
f 1359 1410 1409
f 1359 1360 1410
f 1360 1411 1410
f 1360 1361 1411
f 1361 1412 1411
f 1361 1362 1412
f 1362 1413 1412
f 1362 1363 1413
f 1363 1414 1413
f 1363 1364 1414
f 1364 1415 1414
f 1364 1365 1415
f 1365 1416 1415
f 1365 1366 1416
f 1366 1417 1416
f 1366 1367 1417
f 1367 1418 1417
f 1367 1368 1418
f 1368 1419 1418
f 1368 1369 1419
f 1369 1420 1419
f 1369 1370 1420
f 1370 1421 1420
f 1370 1371 1421
f 1371 1422 1421
f 1371 1372 1422
f 1372 1423 1422
f 1372 1373 1423
f 1373 1424 1423
f 1373 1374 1424
f 1374 1425 1424
f 1374 1375 1425
f 1375 1426 1425
f 1375 1376 1426
f 1376 1427 1426
f 1376 1377 1427
f 1377 1428 1427
f 1377 1378 1428
f 1378 1429 1428
f 1378 1379 1429
f 1379 1430 1429
f 1379 1380 1430
f 1380 1431 1430
f 1380 1381 1431
f 1381 1432 1431
f 1381 1382 1432
f 1382 1433 1432
f 1382 1383 1433
f 1383 1434 1433
f 1383 1384 1434
f 1384 1435 1434
f 1384 1385 1435
f 1385 1436 1435
f 1385 1386 1436
f 1386 1437 1436
f 1386 1387 1437
f 1387 1438 1437
f 1387 1388 1438
f 1388 1439 1438
f 1388 1389 1439
f 1389 1440 1439
f 1389 1390 1440
f 1390 1441 1440
f 1390 1391 1441
f 1391 1442 1441
f 1391 1392 1442
f 1392 1443 1442
f 1392 1393 1443
f 1393 1444 1443
f 1393 1394 1444
f 1394 1445 1444
f 1394 1395 1445
f 1395 1446 1445
f 1395 1396 1446
f 1396 1447 1446
f 1396 1397 1447
f 1397 1448 1447
f 1397 1398 1448
f 1398 1449 1448
f 1398 1399 1449
f 1399 1450 1449
f 1399 1400 1450
f 1401 1452 1451
f 1401 1402 1452
f 1402 1453 1452
f 1402 1403 1453
f 1403 1454 1453
f 1403 1404 1454
f 1404 1455 1454
f 1404 1405 1455
f 1405 1456 1455
f 1405 1406 1456
f 1406 1457 1456
f 1406 1407 1457
f 1407 1458 1457
f 1407 1408 1458
f 1408 1459 1458
f 1408 1409 1459
f 1409 1460 1459
f 1409 1410 1460
f 1410 1461 1460
f 1410 1411 1461
f 1411 1462 1461
f 1411 1412 1462
f 1412 1463 1462
f 1412 1413 1463
f 1413 1464 1463
f 1413 1414 1464
f 1414 1465 1464
f 1414 1415 1465
f 1415 1466 1465
f 1415 1416 1466
f 1416 1467 1466
f 1416 1417 1467
f 1417 1468 1467
f 1417 1418 1468
f 1418 1469 1468
f 1418 1419 1469
f 1419 1470 1469
f 1419 1420 1470
f 1420 1471 1470
f 1420 1421 1471
f 1421 1472 1471
f 1421 1422 1472
f 1422 1473 1472
f 1422 1423 1473
f 1423 1474 1473
f 1423 1424 1474
f 1424 1475 1474
f 1424 1425 1475
f 1425 1476 1475
f 1425 1426 1476
f 1426 1477 1476
f 1426 1427 1477
f 1427 1478 1477
f 1427 1428 1478
f 1428 1479 1478
f 1428 1429 1479
f 1429 1480 1479
f 1429 1430 1480
f 1430 1481 1480
f 1430 1431 1481
f 1431 1482 1481
f 1431 1432 1482
f 1432 1483 1482
f 1432 1433 1483
f 1433 1484 1483
f 1433 1434 1484
f 1434 1485 1484
f 1434 1435 1485
f 1435 1486 1485
f 1435 1436 1486
f 1436 1487 1486
f 1436 1437 1487
f 1437 1488 1487
f 1437 1438 1488
f 1438 1489 1488
f 1438 1439 1489
f 1439 1490 1489
f 1439 1440 1490
f 1440 1491 1490
f 1440 1441 1491
f 1441 1492 1491
f 1441 1442 1492
f 1442 1493 1492
f 1442 1443 1493
f 1443 1494 1493
f 1443 1444 1494
f 1444 1495 1494
f 1444 1445 1495
f 1445 1496 1495
f 1445 1446 1496
f 1446 1497 1496
f 1446 1447 1497
f 1447 1498 1497
f 1447 1448 1498
f 1448 1499 1498
f 1448 1449 1499
f 1449 1500 1499
f 1449 1450 1500
f 1451 1502 1501
f 1451 1452 1502
f 1452 1503 1502
f 1452 1453 1503
f 1453 1504 1503
f 1453 1454 1504
f 1454 1505 1504
f 1454 1455 1505
f 1455 1506 1505
f 1455 1456 1506
f 1456 1507 1506
f 1456 1457 1507
f 1457 1508 1507
f 1457 1458 1508
f 1458 1509 1508
f 1458 1459 1509
f 1459 1510 1509
f 1459 1460 1510
f 1460 1511 1510
f 1460 1461 1511
f 1461 1512 1511
f 1461 1462 1512
f 1462 1513 1512
f 1462 1463 1513
f 1463 1514 1513
f 1463 1464 1514
f 1464 1515 1514
f 1464 1465 1515
f 1465 1516 1515
f 1465 1466 1516
f 1466 1517 1516
f 1466 1467 1517
f 1467 1518 1517
f 1467 1468 1518
f 1468 1519 1518
f 1468 1469 1519
f 1469 1520 1519
f 1469 1470 1520
f 1470 1521 1520
f 1470 1471 1521
f 1471 1522 1521
f 1471 1472 1522
f 1472 1523 1522
f 1472 1473 1523
f 1473 1524 1523
f 1473 1474 1524
f 1474 1525 1524
f 1474 1475 1525
f 1475 1526 1525
f 1475 1476 1526
f 1476 1527 1526
f 1476 1477 1527
f 1477 1528 1527
f 1477 1478 1528
f 1478 1529 1528
f 1478 1479 1529
f 1479 1530 1529
f 1479 1480 1530
f 1480 1531 1530
f 1480 1481 1531
f 1481 1532 1531
f 1481 1482 1532
f 1482 1533 1532
f 1482 1483 1533
f 1483 1534 1533
f 1483 1484 1534
f 1484 1535 1534
f 1484 1485 1535
f 1485 1536 1535
f 1485 1486 1536
f 1486 1537 1536
f 1486 1487 1537
f 1487 1538 1537
f 1487 1488 1538
f 1488 1539 1538
f 1488 1489 1539
f 1489 1540 1539
f 1489 1490 1540
f 1490 1541 1540
f 1490 1491 1541
f 1491 1542 1541
f 1491 1492 1542
f 1492 1543 1542
f 1492 1493 1543
f 1493 1544 1543
f 1493 1494 1544
f 1494 1545 1544
f 1494 1495 1545
f 1495 1546 1545
f 1495 1496 1546
f 1496 1547 1546
f 1496 1497 1547
f 1497 1548 1547
f 1497 1498 1548
f 1498 1549 1548
f 1498 1499 1549
f 1499 1550 1549
f 1499 1500 1550
f 1501 1552 1551
f 1501 1502 1552
f 1502 1553 1552
f 1502 1503 1553
f 1503 1554 1553
f 1503 1504 1554
f 1504 1555 1554
f 1504 1505 1555
f 1505 1556 1555
f 1505 1506 1556
f 1506 1557 1556
f 1506 1507 1557
f 1507 1558 1557
f 1507 1508 1558
f 1508 1559 1558
f 1508 1509 1559
f 1509 1560 1559
f 1509 1510 1560
f 1510 1561 1560
f 1510 1511 1561
f 1511 1562 1561
f 1511 1512 1562
f 1512 1563 1562
f 1512 1513 1563
f 1513 1564 1563
f 1513 1514 1564
f 1514 1565 1564
f 1514 1515 1565
f 1515 1566 1565
f 1515 1516 1566
f 1516 1567 1566
f 1516 1517 1567
f 1517 1568 1567
f 1517 1518 1568
f 1518 1569 1568
f 1518 1519 1569
f 1519 1570 1569
f 1519 1520 1570
f 1520 1571 1570
f 1520 1521 1571
f 1521 1572 1571
f 1521 1522 1572
f 1522 1573 1572
f 1522 1523 1573
f 1523 1574 1573
f 1523 1524 1574
f 1524 1575 1574
f 1524 1525 1575
f 1525 1576 1575
f 1525 1526 1576
f 1526 1577 1576
f 1526 1527 1577
f 1527 1578 1577
f 1527 1528 1578
f 1528 1579 1578
f 1528 1529 1579
f 1529 1580 1579
f 1529 1530 1580
f 1530 1581 1580
f 1530 1531 1581
f 1531 1582 1581
f 1531 1532 1582
f 1532 1583 1582
f 1532 1533 1583
f 1533 1584 1583
f 1533 1534 1584
f 1534 1585 1584
f 1534 1535 1585
f 1535 1586 1585
f 1535 1536 1586
f 1536 1587 1586
f 1536 1537 1587
f 1537 1588 1587
f 1537 1538 1588
f 1538 1589 1588
f 1538 1539 1589
f 1539 1590 1589
f 1539 1540 1590
f 1540 1591 1590
f 1540 1541 1591
f 1541 1592 1591
f 1541 1542 1592
f 1542 1593 1592
f 1542 1543 1593
f 1543 1594 1593
f 1543 1544 1594
f 1544 1595 1594
f 1544 1545 1595
f 1545 1596 1595
f 1545 1546 1596
f 1546 1597 1596
f 1546 1547 1597
f 1547 1598 1597
f 1547 1548 1598
f 1548 1599 1598
f 1548 1549 1599
f 1549 1600 1599
f 1549 1550 1600
f 1551 1602 1601
f 1551 1552 1602
f 1552 1603 1602
f 1552 1553 1603
f 1553 1604 1603
f 1553 1554 1604
f 1554 1605 1604
f 1554 1555 1605
f 1555 1606 1605
f 1555 1556 1606
f 1556 1607 1606
f 1556 1557 1607
f 1557 1608 1607
f 1557 1558 1608
f 1558 1609 1608
f 1558 1559 1609
f 1559 1610 1609
f 1559 1560 1610
f 1560 1611 1610
f 1560 1561 1611
f 1561 1612 1611
f 1561 1562 1612
f 1562 1613 1612
f 1562 1563 1613
f 1563 1614 1613
f 1563 1564 1614
f 1564 1615 1614
f 1564 1565 1615
f 1565 1616 1615
f 1565 1566 1616
f 1566 1617 1616
f 1566 1567 1617
f 1567 1618 1617
f 1567 1568 1618
f 1568 1619 1618
f 1568 1569 1619
f 1569 1620 1619
f 1569 1570 1620
f 1570 1621 1620
f 1570 1571 1621
f 1571 1622 1621
f 1571 1572 1622
f 1572 1623 1622
f 1572 1573 1623
f 1573 1624 1623
f 1573 1574 1624
f 1574 1625 1624
f 1574 1575 1625
f 1575 1626 1625
f 1575 1576 1626
f 1576 1627 1626
f 1576 1577 1627
f 1577 1628 1627
f 1577 1578 1628
f 1578 1629 1628
f 1578 1579 1629
f 1579 1630 1629
f 1579 1580 1630
f 1580 1631 1630
f 1580 1581 1631
f 1581 1632 1631
f 1581 1582 1632
f 1582 1633 1632
f 1582 1583 1633
f 1583 1634 1633
f 1583 1584 1634
f 1584 1635 1634
f 1584 1585 1635
f 1585 1636 1635
f 1585 1586 1636
f 1586 1637 1636
f 1586 1587 1637
f 1587 1638 1637
f 1587 1588 1638
f 1588 1639 1638
f 1588 1589 1639
f 1589 1640 1639
f 1589 1590 1640
f 1590 1641 1640
f 1590 1591 1641
f 1591 1642 1641
f 1591 1592 1642
f 1592 1643 1642
f 1592 1593 1643
f 1593 1644 1643
f 1593 1594 1644
f 1594 1645 1644
f 1594 1595 1645
f 1595 1646 1645
f 1595 1596 1646
f 1596 1647 1646
f 1596 1597 1647
f 1597 1648 1647
f 1597 1598 1648
f 1598 1649 1648
f 1598 1599 1649
f 1599 1650 1649
f 1599 1600 1650
f 1601 1652 1651
f 1601 1602 1652
f 1602 1653 1652
f 1602 1603 1653
f 1603 1654 1653
f 1603 1604 1654
f 1604 1655 1654
f 1604 1605 1655
f 1605 1656 1655
f 1605 1606 1656
f 1606 1657 1656
f 1606 1607 1657
f 1607 1658 1657
f 1607 1608 1658
f 1608 1659 1658
f 1608 1609 1659
f 1609 1660 1659
f 1609 1610 1660
f 1610 1661 1660
f 1610 1611 1661
f 1611 1662 1661
f 1611 1612 1662
f 1612 1663 1662
f 1612 1613 1663
f 1613 1664 1663
f 1613 1614 1664
f 1614 1665 1664
f 1614 1615 1665
f 1615 1666 1665
f 1615 1616 1666
f 1616 1667 1666
f 1616 1617 1667
f 1617 1668 1667
f 1617 1618 1668
f 1618 1669 1668
f 1618 1619 1669
f 1619 1670 1669
f 1619 1620 1670
f 1620 1671 1670
f 1620 1621 1671
f 1621 1672 1671
f 1621 1622 1672
f 1622 1673 1672
f 1622 1623 1673
f 1623 1674 1673
f 1623 1624 1674
f 1624 1675 1674
f 1624 1625 1675
f 1625 1676 1675
f 1625 1626 1676
f 1626 1677 1676
f 1626 1627 1677
f 1627 1678 1677
f 1627 1628 1678
f 1628 1679 1678
f 1628 1629 1679
f 1629 1680 1679
f 1629 1630 1680
f 1630 1681 1680
f 1630 1631 1681
f 1631 1682 1681
f 1631 1632 1682
f 1632 1683 1682
f 1632 1633 1683
f 1633 1684 1683
f 1633 1634 1684
f 1634 1685 1684
f 1634 1635 1685
f 1635 1686 1685
f 1635 1636 1686
f 1636 1687 1686
f 1636 1637 1687
f 1637 1688 1687
f 1637 1638 1688
f 1638 1689 1688
f 1638 1639 1689
f 1639 1690 1689
f 1639 1640 1690
f 1640 1691 1690
f 1640 1641 1691
f 1641 1692 1691
f 1641 1642 1692
f 1642 1693 1692
f 1642 1643 1693
f 1643 1694 1693
f 1643 1644 1694
f 1644 1695 1694
f 1644 1645 1695
f 1645 1696 1695
f 1645 1646 1696
f 1646 1697 1696
f 1646 1647 1697
f 1647 1698 1697
f 1647 1648 1698
f 1648 1699 1698
f 1648 1649 1699
f 1649 1700 1699
f 1649 1650 1700
f 1651 1702 1701
f 1651 1652 1702
f 1652 1703 1702
f 1652 1653 1703
f 1653 1704 1703
f 1653 1654 1704
f 1654 1705 1704
f 1654 1655 1705
f 1655 1706 1705
f 1655 1656 1706
f 1656 1707 1706
f 1656 1657 1707
f 1657 1708 1707
f 1657 1658 1708
f 1658 1709 1708
f 1658 1659 1709
f 1659 1710 1709
f 1659 1660 1710
f 1660 1711 1710
f 1660 1661 1711
f 1661 1712 1711
f 1661 1662 1712
f 1662 1713 1712
f 1662 1663 1713
f 1663 1714 1713
f 1663 1664 1714
f 1664 1715 1714
f 1664 1665 1715
f 1665 1716 1715
f 1665 1666 1716
f 1666 1717 1716
f 1666 1667 1717
f 1667 1718 1717
f 1667 1668 1718
f 1668 1719 1718
f 1668 1669 1719
f 1669 1720 1719
f 1669 1670 1720
f 1670 1721 1720
f 1670 1671 1721
f 1671 1722 1721
f 1671 1672 1722
f 1672 1723 1722
f 1672 1673 1723
f 1673 1724 1723
f 1673 1674 1724
f 1674 1725 1724
f 1674 1675 1725
f 1675 1726 1725
f 1675 1676 1726
f 1676 1727 1726
f 1676 1677 1727
f 1677 1728 1727
f 1677 1678 1728
f 1678 1729 1728
f 1678 1679 1729
f 1679 1730 1729
f 1679 1680 1730
f 1680 1731 1730
f 1680 1681 1731
f 1681 1732 1731
f 1681 1682 1732
f 1682 1733 1732
f 1682 1683 1733
f 1683 1734 1733
f 1683 1684 1734
f 1684 1735 1734
f 1684 1685 1735
f 1685 1736 1735
f 1685 1686 1736
f 1686 1737 1736
f 1686 1687 1737
f 1687 1738 1737
f 1687 1688 1738
f 1688 1739 1738
f 1688 1689 1739
f 1689 1740 1739
f 1689 1690 1740
f 1690 1741 1740
f 1690 1691 1741
f 1691 1742 1741
f 1691 1692 1742
f 1692 1743 1742
f 1692 1693 1743
f 1693 1744 1743
f 1693 1694 1744
f 1694 1745 1744
f 1694 1695 1745
f 1695 1746 1745
f 1695 1696 1746
f 1696 1747 1746
f 1696 1697 1747
f 1697 1748 1747
f 1697 1698 1748
f 1698 1749 1748
f 1698 1699 1749
f 1699 1750 1749
f 1699 1700 1750
f 1701 1752 1751
f 1701 1702 1752
f 1702 1753 1752
f 1702 1703 1753
f 1703 1754 1753
f 1703 1704 1754
f 1704 1755 1754
f 1704 1705 1755
f 1705 1756 1755
f 1705 1706 1756
f 1706 1757 1756
f 1706 1707 1757
f 1707 1758 1757
f 1707 1708 1758
f 1708 1759 1758
f 1708 1709 1759
f 1709 1760 1759
f 1709 1710 1760
f 1710 1761 1760
f 1710 1711 1761
f 1711 1762 1761
f 1711 1712 1762
f 1712 1763 1762
f 1712 1713 1763
f 1713 1764 1763
f 1713 1714 1764
f 1714 1765 1764
f 1714 1715 1765
f 1715 1766 1765
f 1715 1716 1766
f 1716 1767 1766
f 1716 1717 1767
f 1717 1768 1767
f 1717 1718 1768
f 1718 1769 1768
f 1718 1719 1769
f 1719 1770 1769
f 1719 1720 1770
f 1720 1771 1770
f 1720 1721 1771
f 1721 1772 1771
f 1721 1722 1772
f 1722 1773 1772
f 1722 1723 1773
f 1723 1774 1773
f 1723 1724 1774
f 1724 1775 1774
f 1724 1725 1775
f 1725 1776 1775
f 1725 1726 1776
f 1726 1777 1776
f 1726 1727 1777
f 1727 1778 1777
f 1727 1728 1778
f 1728 1779 1778
f 1728 1729 1779
f 1729 1780 1779
f 1729 1730 1780
f 1730 1781 1780
f 1730 1731 1781
f 1731 1782 1781
f 1731 1732 1782
f 1732 1783 1782
f 1732 1733 1783
f 1733 1784 1783
f 1733 1734 1784
f 1734 1785 1784
f 1734 1735 1785
f 1735 1786 1785
f 1735 1736 1786
f 1736 1787 1786
f 1736 1737 1787
f 1737 1788 1787
f 1737 1738 1788
f 1738 1789 1788
f 1738 1739 1789
f 1739 1790 1789
f 1739 1740 1790
f 1740 1791 1790
f 1740 1741 1791
f 1741 1792 1791
f 1741 1742 1792
f 1742 1793 1792
f 1742 1743 1793
f 1743 1794 1793
f 1743 1744 1794
f 1744 1795 1794
f 1744 1745 1795
f 1745 1796 1795
f 1745 1746 1796
f 1746 1797 1796
f 1746 1747 1797
f 1747 1798 1797
f 1747 1748 1798
f 1748 1799 1798
f 1748 1749 1799
f 1749 1800 1799
f 1749 1750 1800
f 1751 1802 1801
f 1751 1752 1802
f 1752 1803 1802
f 1752 1753 1803
f 1753 1804 1803
f 1753 1754 1804
f 1754 1805 1804
f 1754 1755 1805
f 1755 1806 1805
f 1755 1756 1806
f 1756 1807 1806
f 1756 1757 1807
f 1757 1808 1807
f 1757 1758 1808
f 1758 1809 1808
f 1758 1759 1809
f 1759 1810 1809
f 1759 1760 1810
f 1760 1811 1810
f 1760 1761 1811
f 1761 1812 1811
f 1761 1762 1812
f 1762 1813 1812
f 1762 1763 1813
f 1763 1814 1813
f 1763 1764 1814
f 1764 1815 1814
f 1764 1765 1815
f 1765 1816 1815
f 1765 1766 1816
f 1766 1817 1816
f 1766 1767 1817
f 1767 1818 1817
f 1767 1768 1818
f 1768 1819 1818
f 1768 1769 1819
f 1769 1820 1819
f 1769 1770 1820
f 1770 1821 1820
f 1770 1771 1821
f 1771 1822 1821
f 1771 1772 1822
f 1772 1823 1822
f 1772 1773 1823
f 1773 1824 1823
f 1773 1774 1824
f 1774 1825 1824
f 1774 1775 1825
f 1775 1826 1825
f 1775 1776 1826
f 1776 1827 1826
f 1776 1777 1827
f 1777 1828 1827
f 1777 1778 1828
f 1778 1829 1828
f 1778 1779 1829
f 1779 1830 1829
f 1779 1780 1830
f 1780 1831 1830
f 1780 1781 1831
f 1781 1832 1831
f 1781 1782 1832
f 1782 1833 1832
f 1782 1783 1833
f 1783 1834 1833
f 1783 1784 1834
f 1784 1835 1834
f 1784 1785 1835
f 1785 1836 1835
f 1785 1786 1836
f 1786 1837 1836
f 1786 1787 1837
f 1787 1838 1837
f 1787 1788 1838
f 1788 1839 1838
f 1788 1789 1839
f 1789 1840 1839
f 1789 1790 1840
f 1790 1841 1840
f 1790 1791 1841
f 1791 1842 1841
f 1791 1792 1842
f 1792 1843 1842
f 1792 1793 1843
f 1793 1844 1843
f 1793 1794 1844
f 1794 1845 1844
f 1794 1795 1845
f 1795 1846 1845
f 1795 1796 1846
f 1796 1847 1846
f 1796 1797 1847
f 1797 1848 1847
f 1797 1798 1848
f 1798 1849 1848
f 1798 1799 1849
f 1799 1850 1849
f 1799 1800 1850
f 1801 1852 1851
f 1801 1802 1852
f 1802 1853 1852
f 1802 1803 1853
f 1803 1854 1853
f 1803 1804 1854
f 1804 1855 1854
f 1804 1805 1855
f 1805 1856 1855
f 1805 1806 1856
f 1806 1857 1856
f 1806 1807 1857
f 1807 1858 1857
f 1807 1808 1858
f 1808 1859 1858
f 1808 1809 1859
f 1809 1860 1859
f 1809 1810 1860
f 1810 1861 1860
f 1810 1811 1861
f 1811 1862 1861
f 1811 1812 1862
f 1812 1863 1862
f 1812 1813 1863
f 1813 1864 1863
f 1813 1814 1864
f 1814 1865 1864
f 1814 1815 1865
f 1815 1866 1865
f 1815 1816 1866
f 1816 1867 1866
f 1816 1817 1867
f 1817 1868 1867
f 1817 1818 1868
f 1818 1869 1868
f 1818 1819 1869
f 1819 1870 1869
f 1819 1820 1870
f 1820 1871 1870
f 1820 1821 1871
f 1821 1872 1871
f 1821 1822 1872
f 1822 1873 1872
f 1822 1823 1873
f 1823 1874 1873
f 1823 1824 1874
f 1824 1875 1874
f 1824 1825 1875
f 1825 1876 1875
f 1825 1826 1876
f 1826 1877 1876
f 1826 1827 1877
f 1827 1878 1877
f 1827 1828 1878
f 1828 1879 1878
f 1828 1829 1879
f 1829 1880 1879
f 1829 1830 1880
f 1830 1881 1880
f 1830 1831 1881
f 1831 1882 1881
f 1831 1832 1882
f 1832 1883 1882
f 1832 1833 1883
f 1833 1884 1883
f 1833 1834 1884
f 1834 1885 1884
f 1834 1835 1885
f 1835 1886 1885
f 1835 1836 1886
f 1836 1887 1886
f 1836 1837 1887
f 1837 1888 1887
f 1837 1838 1888
f 1838 1889 1888
f 1838 1839 1889
f 1839 1890 1889
f 1839 1840 1890
f 1840 1891 1890
f 1840 1841 1891
f 1841 1892 1891
f 1841 1842 1892
f 1842 1893 1892
f 1842 1843 1893
f 1843 1894 1893
f 1843 1844 1894
f 1844 1895 1894
f 1844 1845 1895
f 1845 1896 1895
f 1845 1846 1896
f 1846 1897 1896
f 1846 1847 1897
f 1847 1898 1897
f 1847 1848 1898
f 1848 1899 1898
f 1848 1849 1899
f 1849 1900 1899
f 1849 1850 1900
f 1851 1902 1901
f 1851 1852 1902
f 1852 1903 1902
f 1852 1853 1903
f 1853 1904 1903
f 1853 1854 1904
f 1854 1905 1904
f 1854 1855 1905
f 1855 1906 1905
f 1855 1856 1906
f 1856 1907 1906
f 1856 1857 1907
f 1857 1908 1907
f 1857 1858 1908
f 1858 1909 1908
f 1858 1859 1909
f 1859 1910 1909
f 1859 1860 1910
f 1860 1911 1910
f 1860 1861 1911
f 1861 1912 1911
f 1861 1862 1912
f 1862 1913 1912
f 1862 1863 1913
f 1863 1914 1913
f 1863 1864 1914
f 1864 1915 1914
f 1864 1865 1915
f 1865 1916 1915
f 1865 1866 1916
f 1866 1917 1916
f 1866 1867 1917
f 1867 1918 1917
f 1867 1868 1918
f 1868 1919 1918
f 1868 1869 1919
f 1869 1920 1919
f 1869 1870 1920
f 1870 1921 1920
f 1870 1871 1921
f 1871 1922 1921
f 1871 1872 1922
f 1872 1923 1922
f 1872 1873 1923
f 1873 1924 1923
f 1873 1874 1924
f 1874 1925 1924
f 1874 1875 1925
f 1875 1926 1925
f 1875 1876 1926
f 1876 1927 1926
f 1876 1877 1927
f 1877 1928 1927
f 1877 1878 1928
f 1878 1929 1928
f 1878 1879 1929
f 1879 1930 1929
f 1879 1880 1930
f 1880 1931 1930
f 1880 1881 1931
f 1881 1932 1931
f 1881 1882 1932
f 1882 1933 1932
f 1882 1883 1933
f 1883 1934 1933
f 1883 1884 1934
f 1884 1935 1934
f 1884 1885 1935
f 1885 1936 1935
f 1885 1886 1936
f 1886 1937 1936
f 1886 1887 1937
f 1887 1938 1937
f 1887 1888 1938
f 1888 1939 1938
f 1888 1889 1939
f 1889 1940 1939
f 1889 1890 1940
f 1890 1941 1940
f 1890 1891 1941
f 1891 1942 1941
f 1891 1892 1942
f 1892 1943 1942
f 1892 1893 1943
f 1893 1944 1943
f 1893 1894 1944
f 1894 1945 1944
f 1894 1895 1945
f 1895 1946 1945
f 1895 1896 1946
f 1896 1947 1946
f 1896 1897 1947
f 1897 1948 1947
f 1897 1898 1948
f 1898 1949 1948
f 1898 1899 1949
f 1899 1950 1949
f 1899 1900 1950
f 1901 1952 1951
f 1901 1902 1952
f 1902 1953 1952
f 1902 1903 1953
f 1903 1954 1953
f 1903 1904 1954
f 1904 1955 1954
f 1904 1905 1955
f 1905 1956 1955
f 1905 1906 1956
f 1906 1957 1956
f 1906 1907 1957
f 1907 1958 1957
f 1907 1908 1958
f 1908 1959 1958
f 1908 1909 1959
f 1909 1960 1959
f 1909 1910 1960
f 1910 1961 1960
f 1910 1911 1961
f 1911 1962 1961
f 1911 1912 1962
f 1912 1963 1962
f 1912 1913 1963
f 1913 1964 1963
f 1913 1914 1964
f 1914 1965 1964
f 1914 1915 1965
f 1915 1966 1965
f 1915 1916 1966
f 1916 1967 1966
f 1916 1917 1967
f 1917 1968 1967
f 1917 1918 1968
f 1918 1969 1968
f 1918 1919 1969
f 1919 1970 1969
f 1919 1920 1970
f 1920 1971 1970
f 1920 1921 1971
f 1921 1972 1971
f 1921 1922 1972
f 1922 1973 1972
f 1922 1923 1973
f 1923 1974 1973
f 1923 1924 1974
f 1924 1975 1974
f 1924 1925 1975
f 1925 1976 1975
f 1925 1926 1976
f 1926 1977 1976
f 1926 1927 1977
f 1927 1978 1977
f 1927 1928 1978
f 1928 1979 1978
f 1928 1929 1979
f 1929 1980 1979
f 1929 1930 1980
f 1930 1981 1980
f 1930 1931 1981
f 1931 1982 1981
f 1931 1932 1982
f 1932 1983 1982
f 1932 1933 1983
f 1933 1984 1983
f 1933 1934 1984
f 1934 1985 1984
f 1934 1935 1985
f 1935 1986 1985
f 1935 1936 1986
f 1936 1987 1986
f 1936 1937 1987
f 1937 1988 1987
f 1937 1938 1988
f 1938 1989 1988
f 1938 1939 1989
f 1939 1990 1989
f 1939 1940 1990
f 1940 1991 1990
f 1940 1941 1991
f 1941 1992 1991
f 1941 1942 1992
f 1942 1993 1992
f 1942 1943 1993
f 1943 1994 1993
f 1943 1944 1994
f 1944 1995 1994
f 1944 1945 1995
f 1945 1996 1995
f 1945 1946 1996
f 1946 1997 1996
f 1946 1947 1997
f 1947 1998 1997
f 1947 1948 1998
f 1948 1999 1998
f 1948 1949 1999
f 1949 2000 1999
f 1949 1950 2000
f 1951 2002 2001
f 1951 1952 2002
f 1952 2003 2002
f 1952 1953 2003
f 1953 2004 2003
f 1953 1954 2004
f 1954 2005 2004
f 1954 1955 2005
f 1955 2006 2005
f 1955 1956 2006
f 1956 2007 2006
f 1956 1957 2007
f 1957 2008 2007
f 1957 1958 2008
f 1958 2009 2008
f 1958 1959 2009
f 1959 2010 2009
f 1959 1960 2010
f 1960 2011 2010
f 1960 1961 2011
f 1961 2012 2011
f 1961 1962 2012
f 1962 2013 2012
f 1962 1963 2013
f 1963 2014 2013
f 1963 1964 2014
f 1964 2015 2014
f 1964 1965 2015
f 1965 2016 2015
f 1965 1966 2016
f 1966 2017 2016
f 1966 1967 2017
f 1967 2018 2017
f 1967 1968 2018
f 1968 2019 2018
f 1968 1969 2019
f 1969 2020 2019
f 1969 1970 2020
f 1970 2021 2020
f 1970 1971 2021
f 1971 2022 2021
f 1971 1972 2022
f 1972 2023 2022
f 1972 1973 2023
f 1973 2024 2023
f 1973 1974 2024
f 1974 2025 2024
f 1974 1975 2025
f 1975 2026 2025
f 1975 1976 2026
f 1976 2027 2026
f 1976 1977 2027
f 1977 2028 2027
f 1977 1978 2028
f 1978 2029 2028
f 1978 1979 2029
f 1979 2030 2029
f 1979 1980 2030
f 1980 2031 2030
f 1980 1981 2031
f 1981 2032 2031
f 1981 1982 2032
f 1982 2033 2032
f 1982 1983 2033
f 1983 2034 2033
f 1983 1984 2034
f 1984 2035 2034
f 1984 1985 2035
f 1985 2036 2035
f 1985 1986 2036
f 1986 2037 2036
f 1986 1987 2037
f 1987 2038 2037
f 1987 1988 2038
f 1988 2039 2038
f 1988 1989 2039
f 1989 2040 2039
f 1989 1990 2040
f 1990 2041 2040
f 1990 1991 2041
f 1991 2042 2041
f 1991 1992 2042
f 1992 2043 2042
f 1992 1993 2043
f 1993 2044 2043
f 1993 1994 2044
f 1994 2045 2044
f 1994 1995 2045
f 1995 2046 2045
f 1995 1996 2046
f 1996 2047 2046
f 1996 1997 2047
f 1997 2048 2047
f 1997 1998 2048
f 1998 2049 2048
f 1998 1999 2049
f 1999 2050 2049
f 1999 2000 2050
f 2001 2052 2051
f 2001 2002 2052
f 2002 2053 2052
f 2002 2003 2053
f 2003 2054 2053
f 2003 2004 2054
f 2004 2055 2054
f 2004 2005 2055
f 2005 2056 2055
f 2005 2006 2056
f 2006 2057 2056
f 2006 2007 2057
f 2007 2058 2057
f 2007 2008 2058
f 2008 2059 2058
f 2008 2009 2059
f 2009 2060 2059
f 2009 2010 2060
f 2010 2061 2060
f 2010 2011 2061
f 2011 2062 2061
f 2011 2012 2062
f 2012 2063 2062
f 2012 2013 2063
f 2013 2064 2063
f 2013 2014 2064
f 2014 2065 2064
f 2014 2015 2065
f 2015 2066 2065
f 2015 2016 2066
f 2016 2067 2066
f 2016 2017 2067
f 2017 2068 2067
f 2017 2018 2068
f 2018 2069 2068
f 2018 2019 2069
f 2019 2070 2069
f 2019 2020 2070
f 2020 2071 2070
f 2020 2021 2071
f 2021 2072 2071
f 2021 2022 2072
f 2022 2073 2072
f 2022 2023 2073
f 2023 2074 2073
f 2023 2024 2074
f 2024 2075 2074
f 2024 2025 2075
f 2025 2076 2075
f 2025 2026 2076
f 2026 2077 2076
f 2026 2027 2077
f 2027 2078 2077
f 2027 2028 2078
f 2028 2079 2078
f 2028 2029 2079
f 2029 2080 2079
f 2029 2030 2080
f 2030 2081 2080
f 2030 2031 2081
f 2031 2082 2081
f 2031 2032 2082
f 2032 2083 2082
f 2032 2033 2083
f 2033 2084 2083
f 2033 2034 2084
f 2034 2085 2084
f 2034 2035 2085
f 2035 2086 2085
f 2035 2036 2086
f 2036 2087 2086
f 2036 2037 2087
f 2037 2088 2087
f 2037 2038 2088
f 2038 2089 2088
f 2038 2039 2089
f 2039 2090 2089
f 2039 2040 2090
f 2040 2091 2090
f 2040 2041 2091
f 2041 2092 2091
f 2041 2042 2092
f 2042 2093 2092
f 2042 2043 2093
f 2043 2094 2093
f 2043 2044 2094
f 2044 2095 2094
f 2044 2045 2095
f 2045 2096 2095
f 2045 2046 2096
f 2046 2097 2096
f 2046 2047 2097
f 2047 2098 2097
f 2047 2048 2098
f 2048 2099 2098
f 2048 2049 2099
f 2049 2100 2099
f 2049 2050 2100
f 2051 2102 2101
f 2051 2052 2102
f 2052 2103 2102
f 2052 2053 2103
f 2053 2104 2103
f 2053 2054 2104
f 2054 2105 2104
f 2054 2055 2105
f 2055 2106 2105
f 2055 2056 2106
f 2056 2107 2106
f 2056 2057 2107
f 2057 2108 2107
f 2057 2058 2108
f 2058 2109 2108
f 2058 2059 2109
f 2059 2110 2109
f 2059 2060 2110
f 2060 2111 2110
f 2060 2061 2111
f 2061 2112 2111
f 2061 2062 2112
f 2062 2113 2112
f 2062 2063 2113
f 2063 2114 2113
f 2063 2064 2114
f 2064 2115 2114
f 2064 2065 2115
f 2065 2116 2115
f 2065 2066 2116
f 2066 2117 2116
f 2066 2067 2117
f 2067 2118 2117
f 2067 2068 2118
f 2068 2119 2118
f 2068 2069 2119
f 2069 2120 2119
f 2069 2070 2120
f 2070 2121 2120
f 2070 2071 2121
f 2071 2122 2121
f 2071 2072 2122
f 2072 2123 2122
f 2072 2073 2123
f 2073 2124 2123
f 2073 2074 2124
f 2074 2125 2124
f 2074 2075 2125
f 2075 2126 2125
f 2075 2076 2126
f 2076 2127 2126
f 2076 2077 2127
f 2077 2128 2127
f 2077 2078 2128
f 2078 2129 2128
f 2078 2079 2129
f 2079 2130 2129
f 2079 2080 2130
f 2080 2131 2130
f 2080 2081 2131
f 2081 2132 2131
f 2081 2082 2132
f 2082 2133 2132
f 2082 2083 2133
f 2083 2134 2133
f 2083 2084 2134
f 2084 2135 2134
f 2084 2085 2135
f 2085 2136 2135
f 2085 2086 2136
f 2086 2137 2136
f 2086 2087 2137
f 2087 2138 2137
f 2087 2088 2138
f 2088 2139 2138
f 2088 2089 2139
f 2089 2140 2139
f 2089 2090 2140
f 2090 2141 2140
f 2090 2091 2141
f 2091 2142 2141
f 2091 2092 2142
f 2092 2143 2142
f 2092 2093 2143
f 2093 2144 2143
f 2093 2094 2144
f 2094 2145 2144
f 2094 2095 2145
f 2095 2146 2145
f 2095 2096 2146
f 2096 2147 2146
f 2096 2097 2147
f 2097 2148 2147
f 2097 2098 2148
f 2098 2149 2148
f 2098 2099 2149
f 2099 2150 2149
f 2099 2100 2150
f 2101 2152 2151
f 2101 2102 2152
f 2102 2153 2152
f 2102 2103 2153
f 2103 2154 2153
f 2103 2104 2154
f 2104 2155 2154
f 2104 2105 2155
f 2105 2156 2155
f 2105 2106 2156
f 2106 2157 2156
f 2106 2107 2157
f 2107 2158 2157
f 2107 2108 2158
f 2108 2159 2158
f 2108 2109 2159
f 2109 2160 2159
f 2109 2110 2160
f 2110 2161 2160
f 2110 2111 2161
f 2111 2162 2161
f 2111 2112 2162
f 2112 2163 2162
f 2112 2113 2163
f 2113 2164 2163
f 2113 2114 2164
f 2114 2165 2164
f 2114 2115 2165
f 2115 2166 2165
f 2115 2116 2166
f 2116 2167 2166
f 2116 2117 2167
f 2117 2168 2167
f 2117 2118 2168
f 2118 2169 2168
f 2118 2119 2169
f 2119 2170 2169
f 2119 2120 2170
f 2120 2171 2170
f 2120 2121 2171
f 2121 2172 2171
f 2121 2122 2172
f 2122 2173 2172
f 2122 2123 2173
f 2123 2174 2173
f 2123 2124 2174
f 2124 2175 2174
f 2124 2125 2175
f 2125 2176 2175
f 2125 2126 2176
f 2126 2177 2176
f 2126 2127 2177
f 2127 2178 2177
f 2127 2128 2178
f 2128 2179 2178
f 2128 2129 2179
f 2129 2180 2179
f 2129 2130 2180
f 2130 2181 2180
f 2130 2131 2181
f 2131 2182 2181
f 2131 2132 2182
f 2132 2183 2182
f 2132 2133 2183
f 2133 2184 2183
f 2133 2134 2184
f 2134 2185 2184
f 2134 2135 2185
f 2135 2186 2185
f 2135 2136 2186
f 2136 2187 2186
f 2136 2137 2187
f 2137 2188 2187
f 2137 2138 2188
f 2138 2189 2188
f 2138 2139 2189
f 2139 2190 2189
f 2139 2140 2190
f 2140 2191 2190
f 2140 2141 2191
f 2141 2192 2191
f 2141 2142 2192
f 2142 2193 2192
f 2142 2143 2193
f 2143 2194 2193
f 2143 2144 2194
f 2144 2195 2194
f 2144 2145 2195
f 2145 2196 2195
f 2145 2146 2196
f 2146 2197 2196
f 2146 2147 2197
f 2147 2198 2197
f 2147 2148 2198
f 2148 2199 2198
f 2148 2149 2199
f 2149 2200 2199
f 2149 2150 2200
f 2151 2202 2201
f 2151 2152 2202
f 2152 2203 2202
f 2152 2153 2203
f 2153 2204 2203
f 2153 2154 2204
f 2154 2205 2204
f 2154 2155 2205
f 2155 2206 2205
f 2155 2156 2206
f 2156 2207 2206
f 2156 2157 2207
f 2157 2208 2207
f 2157 2158 2208
f 2158 2209 2208
f 2158 2159 2209
f 2159 2210 2209
f 2159 2160 2210
f 2160 2211 2210
f 2160 2161 2211
f 2161 2212 2211
f 2161 2162 2212
f 2162 2213 2212
f 2162 2163 2213
f 2163 2214 2213
f 2163 2164 2214
f 2164 2215 2214
f 2164 2165 2215
f 2165 2216 2215
f 2165 2166 2216
f 2166 2217 2216
f 2166 2167 2217
f 2167 2218 2217
f 2167 2168 2218
f 2168 2219 2218
f 2168 2169 2219
f 2169 2220 2219
f 2169 2170 2220
f 2170 2221 2220
f 2170 2171 2221
f 2171 2222 2221
f 2171 2172 2222
f 2172 2223 2222
f 2172 2173 2223
f 2173 2224 2223
f 2173 2174 2224
f 2174 2225 2224
f 2174 2175 2225
f 2175 2226 2225
f 2175 2176 2226
f 2176 2227 2226
f 2176 2177 2227
f 2177 2228 2227
f 2177 2178 2228
f 2178 2229 2228
f 2178 2179 2229
f 2179 2230 2229
f 2179 2180 2230
f 2180 2231 2230
f 2180 2181 2231
f 2181 2232 2231
f 2181 2182 2232
f 2182 2233 2232
f 2182 2183 2233
f 2183 2234 2233
f 2183 2184 2234
f 2184 2235 2234
f 2184 2185 2235
f 2185 2236 2235
f 2185 2186 2236
f 2186 2237 2236
f 2186 2187 2237
f 2187 2238 2237
f 2187 2188 2238
f 2188 2239 2238
f 2188 2189 2239
f 2189 2240 2239
f 2189 2190 2240
f 2190 2241 2240
f 2190 2191 2241
f 2191 2242 2241
f 2191 2192 2242
f 2192 2243 2242
f 2192 2193 2243
f 2193 2244 2243
f 2193 2194 2244
f 2194 2245 2244
f 2194 2195 2245
f 2195 2246 2245
f 2195 2196 2246
f 2196 2247 2246
f 2196 2197 2247
f 2197 2248 2247
f 2197 2198 2248
f 2198 2249 2248
f 2198 2199 2249
f 2199 2250 2249
f 2199 2200 2250
f 2201 2252 2251
f 2201 2202 2252
f 2202 2253 2252
f 2202 2203 2253
f 2203 2254 2253
f 2203 2204 2254
f 2204 2255 2254
f 2204 2205 2255
f 2205 2256 2255
f 2205 2206 2256
f 2206 2257 2256
f 2206 2207 2257
f 2207 2258 2257
f 2207 2208 2258
f 2208 2259 2258
f 2208 2209 2259
f 2209 2260 2259
f 2209 2210 2260
f 2210 2261 2260
f 2210 2211 2261
f 2211 2262 2261
f 2211 2212 2262
f 2212 2263 2262
f 2212 2213 2263
f 2213 2264 2263
f 2213 2214 2264
f 2214 2265 2264
f 2214 2215 2265
f 2215 2266 2265
f 2215 2216 2266
f 2216 2267 2266
f 2216 2217 2267
f 2217 2268 2267
f 2217 2218 2268
f 2218 2269 2268
f 2218 2219 2269
f 2219 2270 2269
f 2219 2220 2270
f 2220 2271 2270
f 2220 2221 2271
f 2221 2272 2271
f 2221 2222 2272
f 2222 2273 2272
f 2222 2223 2273
f 2223 2274 2273
f 2223 2224 2274
f 2224 2275 2274
f 2224 2225 2275
f 2225 2276 2275
f 2225 2226 2276
f 2226 2277 2276
f 2226 2227 2277
f 2227 2278 2277
f 2227 2228 2278
f 2228 2279 2278
f 2228 2229 2279
f 2229 2280 2279
f 2229 2230 2280
f 2230 2281 2280
f 2230 2231 2281
f 2231 2282 2281
f 2231 2232 2282
f 2232 2283 2282
f 2232 2233 2283
f 2233 2284 2283
f 2233 2234 2284
f 2234 2285 2284
f 2234 2235 2285
f 2235 2286 2285
f 2235 2236 2286
f 2236 2287 2286
f 2236 2237 2287
f 2237 2288 2287
f 2237 2238 2288
f 2238 2289 2288
f 2238 2239 2289
f 2239 2290 2289
f 2239 2240 2290
f 2240 2291 2290
f 2240 2241 2291
f 2241 2292 2291
f 2241 2242 2292
f 2242 2293 2292
f 2242 2243 2293
f 2243 2294 2293
f 2243 2244 2294
f 2244 2295 2294
f 2244 2245 2295
f 2245 2296 2295
f 2245 2246 2296
f 2246 2297 2296
f 2246 2247 2297
f 2247 2298 2297
f 2247 2248 2298
f 2248 2299 2298
f 2248 2249 2299
f 2249 2300 2299
f 2249 2250 2300
f 2251 2302 2301
f 2251 2252 2302
f 2252 2303 2302
f 2252 2253 2303
f 2253 2304 2303
f 2253 2254 2304
f 2254 2305 2304
f 2254 2255 2305
f 2255 2306 2305
f 2255 2256 2306
f 2256 2307 2306
f 2256 2257 2307
f 2257 2308 2307
f 2257 2258 2308
f 2258 2309 2308
f 2258 2259 2309
f 2259 2310 2309
f 2259 2260 2310
f 2260 2311 2310
f 2260 2261 2311
f 2261 2312 2311
f 2261 2262 2312
f 2262 2313 2312
f 2262 2263 2313
f 2263 2314 2313
f 2263 2264 2314
f 2264 2315 2314
f 2264 2265 2315
f 2265 2316 2315
f 2265 2266 2316
f 2266 2317 2316
f 2266 2267 2317
f 2267 2318 2317
f 2267 2268 2318
f 2268 2319 2318
f 2268 2269 2319
f 2269 2320 2319
f 2269 2270 2320
f 2270 2321 2320
f 2270 2271 2321
f 2271 2322 2321
f 2271 2272 2322
f 2272 2323 2322
f 2272 2273 2323
f 2273 2324 2323
f 2273 2274 2324
f 2274 2325 2324
f 2274 2275 2325
f 2275 2326 2325
f 2275 2276 2326
f 2276 2327 2326
f 2276 2277 2327
f 2277 2328 2327
f 2277 2278 2328
f 2278 2329 2328
f 2278 2279 2329
f 2279 2330 2329
f 2279 2280 2330
f 2280 2331 2330
f 2280 2281 2331
f 2281 2332 2331
f 2281 2282 2332
f 2282 2333 2332
f 2282 2283 2333
f 2283 2334 2333
f 2283 2284 2334
f 2284 2335 2334
f 2284 2285 2335
f 2285 2336 2335
f 2285 2286 2336
f 2286 2337 2336
f 2286 2287 2337
f 2287 2338 2337
f 2287 2288 2338
f 2288 2339 2338
f 2288 2289 2339
f 2289 2340 2339
f 2289 2290 2340
f 2290 2341 2340
f 2290 2291 2341
f 2291 2342 2341
f 2291 2292 2342
f 2292 2343 2342
f 2292 2293 2343
f 2293 2344 2343
f 2293 2294 2344
f 2294 2345 2344
f 2294 2295 2345
f 2295 2346 2345
f 2295 2296 2346
f 2296 2347 2346
f 2296 2297 2347
f 2297 2348 2347
f 2297 2298 2348
f 2298 2349 2348
f 2298 2299 2349
f 2299 2350 2349
f 2299 2300 2350
f 2301 2352 2351
f 2301 2302 2352
f 2302 2353 2352
f 2302 2303 2353
f 2303 2354 2353
f 2303 2304 2354
f 2304 2355 2354
f 2304 2305 2355
f 2305 2356 2355
f 2305 2306 2356
f 2306 2357 2356
f 2306 2307 2357
f 2307 2358 2357
f 2307 2308 2358
f 2308 2359 2358
f 2308 2309 2359
f 2309 2360 2359
f 2309 2310 2360
f 2310 2361 2360
f 2310 2311 2361
f 2311 2362 2361
f 2311 2312 2362
f 2312 2363 2362
f 2312 2313 2363
f 2313 2364 2363
f 2313 2314 2364
f 2314 2365 2364
f 2314 2315 2365
f 2315 2366 2365
f 2315 2316 2366
f 2316 2367 2366
f 2316 2317 2367
f 2317 2368 2367
f 2317 2318 2368
f 2318 2369 2368
f 2318 2319 2369
f 2319 2370 2369
f 2319 2320 2370
f 2320 2371 2370
f 2320 2321 2371
f 2321 2372 2371
f 2321 2322 2372
f 2322 2373 2372
f 2322 2323 2373
f 2323 2374 2373
f 2323 2324 2374
f 2324 2375 2374
f 2324 2325 2375
f 2325 2376 2375
f 2325 2326 2376
f 2326 2377 2376
f 2326 2327 2377
f 2327 2378 2377
f 2327 2328 2378
f 2328 2379 2378
f 2328 2329 2379
f 2329 2380 2379
f 2329 2330 2380
f 2330 2381 2380
f 2330 2331 2381
f 2331 2382 2381
f 2331 2332 2382
f 2332 2383 2382
f 2332 2333 2383
f 2333 2384 2383
f 2333 2334 2384
f 2334 2385 2384
f 2334 2335 2385
f 2335 2386 2385
f 2335 2336 2386
f 2336 2387 2386
f 2336 2337 2387
f 2337 2388 2387
f 2337 2338 2388
f 2338 2389 2388
f 2338 2339 2389
f 2339 2390 2389
f 2339 2340 2390
f 2340 2391 2390
f 2340 2341 2391
f 2341 2392 2391
f 2341 2342 2392
f 2342 2393 2392
f 2342 2343 2393
f 2343 2394 2393
f 2343 2344 2394
f 2344 2395 2394
f 2344 2345 2395
f 2345 2396 2395
f 2345 2346 2396
f 2346 2397 2396
f 2346 2347 2397
f 2347 2398 2397
f 2347 2348 2398
f 2348 2399 2398
f 2348 2349 2399
f 2349 2400 2399
f 2349 2350 2400
f 2351 2402 2401
f 2351 2352 2402
f 2352 2403 2402
f 2352 2353 2403
f 2353 2404 2403
f 2353 2354 2404
f 2354 2405 2404
f 2354 2355 2405
f 2355 2406 2405
f 2355 2356 2406
f 2356 2407 2406
f 2356 2357 2407
f 2357 2408 2407
f 2357 2358 2408
f 2358 2409 2408
f 2358 2359 2409
f 2359 2410 2409
f 2359 2360 2410
f 2360 2411 2410
f 2360 2361 2411
f 2361 2412 2411
f 2361 2362 2412
f 2362 2413 2412
f 2362 2363 2413
f 2363 2414 2413
f 2363 2364 2414
f 2364 2415 2414
f 2364 2365 2415
f 2365 2416 2415
f 2365 2366 2416
f 2366 2417 2416
f 2366 2367 2417
f 2367 2418 2417
f 2367 2368 2418
f 2368 2419 2418
f 2368 2369 2419
f 2369 2420 2419
f 2369 2370 2420
f 2370 2421 2420
f 2370 2371 2421
f 2371 2422 2421
f 2371 2372 2422
f 2372 2423 2422
f 2372 2373 2423
f 2373 2424 2423
f 2373 2374 2424
f 2374 2425 2424
f 2374 2375 2425
f 2375 2426 2425
f 2375 2376 2426
f 2376 2427 2426
f 2376 2377 2427
f 2377 2428 2427
f 2377 2378 2428
f 2378 2429 2428
f 2378 2379 2429
f 2379 2430 2429
f 2379 2380 2430
f 2380 2431 2430
f 2380 2381 2431
f 2381 2432 2431
f 2381 2382 2432
f 2382 2433 2432
f 2382 2383 2433
f 2383 2434 2433
f 2383 2384 2434
f 2384 2435 2434
f 2384 2385 2435
f 2385 2436 2435
f 2385 2386 2436
f 2386 2437 2436
f 2386 2387 2437
f 2387 2438 2437
f 2387 2388 2438
f 2388 2439 2438
f 2388 2389 2439
f 2389 2440 2439
f 2389 2390 2440
f 2390 2441 2440
f 2390 2391 2441
f 2391 2442 2441
f 2391 2392 2442
f 2392 2443 2442
f 2392 2393 2443
f 2393 2444 2443
f 2393 2394 2444
f 2394 2445 2444
f 2394 2395 2445
f 2395 2446 2445
f 2395 2396 2446
f 2396 2447 2446
f 2396 2397 2447
f 2397 2448 2447
f 2397 2398 2448
f 2398 2449 2448
f 2398 2399 2449
f 2399 2450 2449
f 2399 2400 2450
f 2401 2452 2451
f 2401 2402 2452
f 2402 2453 2452
f 2402 2403 2453
f 2403 2454 2453
f 2403 2404 2454
f 2404 2455 2454
f 2404 2405 2455
f 2405 2456 2455
f 2405 2406 2456
f 2406 2457 2456
f 2406 2407 2457
f 2407 2458 2457
f 2407 2408 2458
f 2408 2459 2458
f 2408 2409 2459
f 2409 2460 2459
f 2409 2410 2460
f 2410 2461 2460
f 2410 2411 2461
f 2411 2462 2461
f 2411 2412 2462
f 2412 2463 2462
f 2412 2413 2463
f 2413 2464 2463
f 2413 2414 2464
f 2414 2465 2464
f 2414 2415 2465
f 2415 2466 2465
f 2415 2416 2466
f 2416 2467 2466
f 2416 2417 2467
f 2417 2468 2467
f 2417 2418 2468
f 2418 2469 2468
f 2418 2419 2469
f 2419 2470 2469
f 2419 2420 2470
f 2420 2471 2470
f 2420 2421 2471
f 2421 2472 2471
f 2421 2422 2472
f 2422 2473 2472
f 2422 2423 2473
f 2423 2474 2473
f 2423 2424 2474
f 2424 2475 2474
f 2424 2425 2475
f 2425 2476 2475
f 2425 2426 2476
f 2426 2477 2476
f 2426 2427 2477
f 2427 2478 2477
f 2427 2428 2478
f 2428 2479 2478
f 2428 2429 2479
f 2429 2480 2479
f 2429 2430 2480
f 2430 2481 2480
f 2430 2431 2481
f 2431 2482 2481
f 2431 2432 2482
f 2432 2483 2482
f 2432 2433 2483
f 2433 2484 2483
f 2433 2434 2484
f 2434 2485 2484
f 2434 2435 2485
f 2435 2486 2485
f 2435 2436 2486
f 2436 2487 2486
f 2436 2437 2487
f 2437 2488 2487
f 2437 2438 2488
f 2438 2489 2488
f 2438 2439 2489
f 2439 2490 2489
f 2439 2440 2490
f 2440 2491 2490
f 2440 2441 2491
f 2441 2492 2491
f 2441 2442 2492
f 2442 2493 2492
f 2442 2443 2493
f 2443 2494 2493
f 2443 2444 2494
f 2444 2495 2494
f 2444 2445 2495
f 2445 2496 2495
f 2445 2446 2496
f 2446 2497 2496
f 2446 2447 2497
f 2447 2498 2497
f 2447 2448 2498
f 2448 2499 2498
f 2448 2449 2499
f 2449 2500 2499
f 2449 2450 2500
